,activity__autocorrelation__lag_8,activity__autocorrelation__lag_9,"activity__fft_coefficient__attr_""abs""__coeff_19",activity__absolute_sum_of_changes,"activity__cwt_coefficients__coeff_7__w_2__widths_(2, 5, 10, 20)","activity__fft_coefficient__attr_""abs""__coeff_40","activity__matrix_profile__feature_""max""__threshold_0.98","activity__agg_linear_trend__attr_""intercept""__chunk_len_10__f_agg_""max""","activity__agg_linear_trend__attr_""intercept""__chunk_len_5__f_agg_""max""",activity__abs_energy,"activity__fft_coefficient__attr_""abs""__coeff_35","activity__agg_linear_trend__attr_""intercept""__chunk_len_50__f_agg_""mean""","activity__fft_coefficient__attr_""abs""__coeff_22","activity__agg_linear_trend__attr_""intercept""__chunk_len_5__f_agg_""mean""","activity__fft_coefficient__attr_""abs""__coeff_65","activity__linear_trend__attr_""intercept""","activity__agg_linear_trend__attr_""intercept""__chunk_len_10__f_agg_""mean""","activity__fft_coefficient__attr_""real""__coeff_0",activity__sum_values,"activity__fft_coefficient__attr_""abs""__coeff_0","activity__matrix_profile__feature_""median""__threshold_0.98","activity__matrix_profile__feature_""mean""__threshold_0.98",activity__partial_autocorrelation__lag_7,"activity__agg_linear_trend__attr_""intercept""__chunk_len_10__f_agg_""var""","activity__fft_coefficient__attr_""abs""__coeff_3","activity__matrix_profile__feature_""75""__threshold_0.98","activity__fft_coefficient__attr_""abs""__coeff_42",activity__cid_ce__normalize_False,"activity__fft_coefficient__attr_""abs""__coeff_20",activity__spkt_welch_density__coeff_5,"activity__fft_coefficient__attr_""abs""__coeff_70","activity__fft_coefficient__attr_""abs""__coeff_38","activity__fft_coefficient__attr_""abs""__coeff_50","activity__fft_coefficient__attr_""abs""__coeff_36","activity__fft_coefficient__attr_""abs""__coeff_12","activity__fft_coefficient__attr_""abs""__coeff_63","activity__matrix_profile__feature_""25""__threshold_0.98","activity__fft_coefficient__attr_""abs""__coeff_24","activity__fft_coefficient__attr_""abs""__coeff_26","activity__agg_linear_trend__attr_""intercept""__chunk_len_50__f_agg_""var""",activity__partial_autocorrelation__lag_8,"activity__fft_coefficient__attr_""abs""__coeff_1",activity__quantile__q_0.9,"activity__fft_coefficient__attr_""abs""__coeff_58",activity__c3__lag_1,"activity__agg_linear_trend__attr_""intercept""__chunk_len_5__f_agg_""var""","activity__fft_coefficient__attr_""abs""__coeff_67","activity__fft_coefficient__attr_""abs""__coeff_21",activity__c3__lag_2,"activity__change_quantiles__f_agg_""var""__isabs_True__qh_0.4__ql_0.2","activity__agg_autocorrelation__f_agg_""median""__maxlag_40","activity__fft_coefficient__attr_""abs""__coeff_49","activity__cwt_coefficients__coeff_14__w_20__widths_(2, 5, 10, 20)","activity__change_quantiles__f_agg_""mean""__isabs_True__qh_1.0__ql_0.6","activity__matrix_profile__feature_""min""__threshold_0.98","activity__fft_coefficient__attr_""abs""__coeff_41",activity__variance,activity__standard_deviation,"activity__cwt_coefficients__coeff_13__w_20__widths_(2, 5, 10, 20)","activity__fft_coefficient__attr_""abs""__coeff_18","activity__fft_coefficient__attr_""abs""__coeff_51"
0,-0.012381699648906758,0.19323756973645365,312.9321639583761,4641.566666666666,-61.787452609477874,463.82614689289034,2.516798569878502,169.25331384015593,112.39429429429431,494635.2261111111,206.09556730901812,40.38715641025641,580.5278687518294,43.827982982982974,221.66596981305048,43.429128145865434,43.54076348278103,5491.566666666667,5491.566666666667,5491.566666666667,1.238911427111445,1.3467282795983044,-0.0836584894441763,2549.5349052757924,422.88821998156834,1.6853026605672314,652.7048491584383,611.4980085367772,391.5928691028848,1558.0631270772512,534.4430466596325,185.60372180919816,340.30249286927386,177.7014366355938,210.09349822478987,347.22782700561504,0.9959027426744337,205.9412657104586,138.4653663519431,2478.825996008218,0.141213331018969,1136.0750771987184,97.94166666666666,528.4987924856553,101455.6384781556,1906.847177644311,226.5340377782003,597.7493398052881,38522.62239362618,1.7354320987654321,-0.05572496469753034,533.6109915729309,89.56742062877518,45.78794326241135,0.7695518939955581,525.0228492205584,1836.8574167455808,42.858574600021186,86.9242386082221,452.3276107502636,490.3275830366961
1,-0.18193739345159257,-0.15180348262670318,392.5703615088435,5757.866666666667,-57.63376392348495,496.20364257404725,2.9687315478555054,149.38431372549022,127.04741532976828,1163210.3977777779,195.27577638036232,82.23724444444443,830.3348232365997,81.6084907902555,339.77065156981286,82.02597785079713,83.22745098039215,11460.433333333334,11460.433333333332,11460.433333333334,1.6970313639869812,1.8032620225349063,-0.06126729708417278,1503.6786986928107,386.467159228712,2.0891907426303984,657.78723197791,637.0751276994994,732.7234812196803,2362.3124758078297,443.8486657078953,233.6931968993621,483.1635361622509,251.94886448360057,1598.2990933086942,394.4657126761702,1.4666997023881718,131.92637507709244,319.72929617158525,1668.6784929728396,-0.10464281787661214,946.9980968338491,123.85333333333332,164.50785658604445,520364.67996591685,1080.644517845118,693.914564943358,75.1280252375885,408774.2866317575,45.705620659722214,-0.00841486144712651,313.25578050536996,107.51144036993566,29.327777777777776,1.0362796551034679,195.47081530520623,2225.4612835833077,47.17479500308727,101.12468205113747,558.3752115722635,457.8931144557043
2,-0.09241622826420219,0.16503746844031378,114.49228721507642,7573.3,-130.91961792603308,532.1001965094683,2.485583181218296,244.102614379085,158.56925133689842,1642338.9061111112,779.12041588444,68.7534,1091.8104938193997,64.71532976827093,332.01014348511984,64.92082511865644,66.61928104575162,9728.800000000001,9728.8,9728.800000000001,1.2944830625695776,1.3614982288021302,-0.04786064863054464,6130.059471895425,740.2336931095715,1.5530185581188194,429.7929008244024,1087.8948008781813,1237.5697734212326,434.29062301666386,490.863048239227,880.6185918666786,442.48571191809464,844.514578631935,733.8630211766632,760.4873356374702,1.0966345069961725,577.721363467855,585.1808049767174,7041.438282681482,0.003925588013129087,1287.761255227942,156.9633333333333,405.4986324862844,710977.7971921437,4798.663234105764,864.526844697057,790.9091543276866,250787.78328562801,2.795685871056242,-0.068209852481179,312.1194905079237,6.447315016173306,79.64897959183673,0.7516602580798096,203.8006121855487,6477.00165540251,80.479821417561,9.590626161367595,518.0458735257276,455.27076879177855
3,-0.09233719649111613,0.00918066331102445,2037.0118453779903,20375.833333333332,-171.7907447920154,1031.2243626433706,4.84751854660266,508.8375627240143,311.9296812386157,8193830.003333334,2118.6421499244034,110.33979905437353,1240.3642128409701,114.46299089253188,764.3189702596836,118.13500139350252,116.43854121863801,22035.533333333333,22035.533333333333,22035.533333333333,2.101399888331214,2.3656900781644747,-0.07291746245638937,26476.033751752002,2515.676917023776,3.0172572507040707,597.7000854877439,2743.1639369530944,1136.9824906511844,8345.496201813043,1099.4681510274393,1059.5534033522774,3443.2105274904366,2832.310610792451,395.0565575962866,1645.3412055466183,1.48565766299714,2057.5960803671633,5326.124234166862,26141.136376109243,-0.03636311478655791,7081.375095219407,223.23666666666793,934.444674852277,1779352.5067279816,20119.387472771705,1066.9314788206764,4045.314160895334,362000.5718238687,0.022396315234153055,-0.06584383187724377,368.7892804815279,323.1343646271388,150.78122362869198,1.0713730651065116,337.67267150743254,22083.94587520044,148.60668179863393,321.19294378415907,3230.0303396063846,1954.675775396601
4,0.06387472260195047,0.03952639213185312,286.0183432055505,5175.816666666666,-41.14675047658186,564.3009756286381,8.246211251235321,192.28571428571428,117.7233943089431,507451.39444444445,637.756891680226,39.628186111111106,80.7763178643455,41.94230487804879,153.73229362080926,42.133195438471816,40.96434523809525,4599.566666666667,4599.566666666667,4599.566666666667,4.759750100148164,5.121974156247468,-0.09939416071382341,3384.8261289434527,703.2595990914733,5.795283732328915,525.7788197723945,709.7166921071785,777.1589790436801,8905.090315592588,293.4770496875441,526.8325077629996,298.0570400151822,1176.7872309756376,575.3681463419038,365.64543529582534,4.3450027427860265,465.9580042209972,562.0802859908736,3415.007192046335,0.1589822044108869,1697.3042017198654,86.91833333333334,140.6832024563741,61112.05129424131,2683.244437588076,583.1403429293092,299.20952770823715,37452.389242148725,0.041852324263038546,0.04304152065764559,855.9354829409294,44.51602493576745,52.62222222222221,3.434657349075692,268.10890877664866,2023.246673270301,44.98051437311829,44.19396055091871,2329.3846627029666,457.1414298570841
5,-0.1690709605141536,-0.0312726687683631,271.6921497042751,3346.0666666666666,-28.277659017659694,370.04954989619455,3.2805523823720266,101.06029411764705,54.232392473118274,294563.4547222223,105.13607953343582,21.500433333333334,194.67485947935083,17.218625672043004,262.8023017710141,16.7775073313783,17.91334558823529,3322.95,3322.95,3322.95,2.081041655030409,2.1918967080383154,-0.1201427567943804,885.3008188929737,564.7356856327194,2.4633146272540403,1186.1143858902508,536.6268919007983,289.66805704319165,2399.3785023626424,436.9339420558229,142.49635909486813,498.83307603521916,307.0935407042715,325.4035962721081,101.55330987856296,1.9102633358685994,308.18709184202226,371.05794743517936,1275.4190200333333,-0.141223615514163,692.4295175708265,69.83333333333346,95.954332746579,44415.64931225634,657.83789625336,370.49836815189616,276.5892416176417,5781.994712037037,0.23587191358024684,-0.12305714208499285,118.41702662235747,28.44433290037254,46.55606060606061,1.088129796920727,388.01314220130513,1447.1569963198779,38.04151674578549,29.62275721430277,285.374659146009,346.329612867086
6,-0.21655003727484654,-0.11876924833467879,624.0096868867532,11212.666666666668,-72.93611140903768,516.6017416836129,3.2529929211490383,236.58954248366013,163.19367201426024,2061296.851388889,368.89012993203215,64.90157777777779,970.5490144637855,65.08948306595364,613.4013285754328,65.14168309602044,64.38650326797386,10949.65,10949.65,10949.65,1.9971072857030836,2.123544701934546,-0.2582876213829932,5691.2053865468415,821.9117547135877,2.4430031618330075,1134.4367273971136,1308.5736910850683,99.20375985073447,826.2848679879152,615.0779000946955,747.9480081237924,302.98264295278653,1333.305228189395,1413.9933508303914,952.0999015359475,1.686087136831768,776.2167008816559,210.47901531926118,6417.573045135803,-0.1827213911419239,736.0453937734683,204.01999999999992,1941.6642433076627,380557.5629279141,4608.401174767281,620.4404158789316,1465.784667898327,120024.49367693235,9.328956916099772,-0.09514580581687972,554.5560845158511,148.70862147901653,91.46547619047621,1.2998245325231599,1062.9309653778223,8088.857497030915,89.93807590242808,147.8961227086117,790.9753606622832,245.63758421718182
7,-0.03525102246809395,0.1654284914386425,3703.6911924370866,22042.88333333333,-213.5552094931115,2394.813757384803,3.5407284946244317,748.3884102564102,497.30740136054425,11887586.833611112,2211.2148359791477,172.97154285714285,18464.00313389742,189.91967074829932,1780.7999420312674,190.79381015542634,188.59194871794875,27081.583333333336,27081.583333333336,27081.583333333336,2.17228080144415,2.134303914728247,-0.05435259681716357,56689.93552911111,4786.880902018595,2.6029023616425975,959.4443531529363,2806.116405134803,1419.8061744053146,7386.377515052388,1419.4238163044586,900.6271469399161,589.2169428737565,2661.0430343028215,2506.397643744605,858.1143120811624,1.6022431334620435,2953.029265197408,1420.3357942339208,52413.26186613272,0.0791107206298944,8634.302394113687,401.0866666666667,1394.8312086468445,7581767.217590973,42766.06877248072,1611.719692597699,6950.856059017561,1111234.0633342864,5.034595336076816,-0.045155137511084714,2777.854767919502,341.3701665755953,183.8104166666667,0.9601315692285711,1268.1879084324535,36599.00037384077,191.308652114432,350.8654305865562,1855.8483763296022,2395.102138949185
8,-0.08692259482737397,0.0945483200761072,758.5404105642364,16497.466666666667,-162.46836441558355,1263.032185293496,3.2267709236478694,395.6166666666667,228.95594177064768,7642262.328888889,678.1367148708,116.77820000000001,2389.9918903911876,89.64587641117055,1867.0639663288862,88.23601557746134,97.00303921568626,21356.566666666666,21356.566666666666,21356.566666666666,1.8322077934688128,1.9309786235568631,-0.07346066484003234,24437.820360729853,2430.153515139493,2.269236216554984,767.8828977753324,2364.1476007925844,945.7619119662106,6287.122436926057,543.1983142407619,1838.5564553110237,2135.819424339182,559.8288873367887,3450.066012650835,580.1208142705331,1.5747328538424399,1682.7106653361582,2048.9972873508605,31550.640764800002,0.035711866688387,2807.3986664174654,337.41999999999996,1277.0415070366337,7660709.16260009,17379.46839722717,1436.3473172861345,1300.8144356602345,2533445.3926170925,9.468058333333335,-0.040482850892139224,217.27349072520443,119.90870734956818,126.54455782312925,1.0841210338857343,906.3547133343707,29563.649016671763,171.94082998715507,96.19754987957258,1792.3984887763693,753.3398664946575
9,-0.05168171038572449,0.018842941430961394,3176.3162130069686,21047.85,-398.85543799698416,1688.3868228118833,4.510453451056061,464.02450980392155,331.9583778966132,12633659.49638889,2890.111056734941,192.55880000000002,1433.824497613854,176.40464646464648,1184.5089801496654,177.42737008640626,180.11581699346405,26607.31666666667,26607.316666666666,26607.31666666667,2.783051849043308,2.645683164449162,-0.04300116979390338,16390.491217102404,5514.07001617681,3.1877040269734276,2062.7746811264237,3095.1163362177876,6169.60782916461,83303.26932946446,478.1919071090108,1913.4801302849614,1457.338746446144,1834.6283926628494,1903.6576416217893,1393.1984360620193,1.8882335680658393,3011.8141608925594,1675.9501486707122,43602.63703457777,-0.014083233729744942,1962.5700290044235,376.5833333333333,1245.6813109161121,13709644.306379601,5925.273036086368,2298.357566420159,3527.825165174713,4561723.540209253,62.258703703703695,-0.051299478226330554,1367.0366708375052,417.78891028982486,251.96752136752139,1.4157431290842977,1546.4865101925764,50563.985921171305,224.86437228065122,413.79621403453586,1575.5199921598983,976.6869308090686
10,-0.08114194981984713,0.11001759261026568,466.6382221803671,9016.400000000001,-145.27988637171214,1018.5648990789159,2.6765472175875376,224.90098039215687,149.681045751634,2057716.6163888888,431.4095011545742,85.03716666666668,655.2626035531952,77.6934046345811,760.022523062321,77.30648411829134,77.79124183006536,11695.25,11695.25,11695.25,1.399939381750408,1.4287389959449721,-0.09234385973616409,5313.257673311547,225.15762803743226,1.5922308449986842,639.8861720515581,1232.435064099615,1248.0934766809144,911.6935214231089,689.151289863042,580.5933805549025,711.7703151740625,1027.5138083586207,816.5743685248668,727.2330795396158,1.1323522509166968,160.86911880414164,1024.022487628688,7783.6735523814805,0.020704057367904635,972.992874669059,167.4033333333333,517.4426552623488,862105.1373918996,3398.528852168747,538.9880746293077,731.6141408831212,368828.22073961934,20.017891666666667,-0.07311219722655034,154.17808083731867,218.44853208666893,70.07196969696969,0.8559458659284594,1463.262627687867,7446.992438628711,86.29595841421956,217.066996854505,579.6367718079325,1054.955416920391
11,-0.2313403456149329,0.009285017034318799,303.26660146004696,14008.033333333333,-241.02878504312037,746.4738053119564,3.0937246025561933,550.0418300653595,333.41057635175275,5634278.146111112,627.1114235830913,133.36664444444446,1369.6387753271445,137.69000594177064,568.9767774739794,138.52628088110018,136.2462091503268,16390.133333333335,16390.133333333335,16390.133333333335,1.5544504619649762,1.7361269373862809,-0.19317897203191706,34785.51561056645,674.5122242548514,2.3017414694463865,963.8174171168359,2004.417545766794,1597.5969079114402,65567.30844421298,948.6745416447909,666.4179542741063,456.54345425809953,796.4261112680579,629.5342366801952,1348.4378568958386,1.1245584561285988,1364.2223539556398,1153.3305411449883,34451.30275975802,-0.2432953852229992,1929.2263781923766,371.9799999999999,446.27129982583676,3630944.9485801533,25870.943638066947,406.614225761098,818.0661604940079,414877.3535186336,2.412552083333333,-0.19543919540713978,1006.580788535791,255.39713574612549,198.7918518518519,0.9270818025046476,1226.6945212383844,24279.86862897664,155.819987899424,241.8826309660699,1285.7019258515068,161.26369261840725
12,-0.05264646470816937,0.14481652092645578,832.5174483025985,10655.683333333334,-228.29420525151082,1248.021123174897,2.6097465820773653,412.97418300653595,235.29483065953656,3890551.9519444443,1622.005680318158,100.66170000000001,1222.631816640357,107.43382055852643,1415.5092430709683,108.42552147985883,108.48467320261439,13259.683333333334,13259.683333333334,13259.683333333334,1.7021604046667265,1.664677408852843,-0.10039307209696938,28470.11492543573,512.6148798321398,1.9443657627462274,2108.1979195787712,1579.0923123216494,1752.9917680928509,13630.853015887737,1813.9612893419996,1156.0775457723403,1626.6250605463206,1238.4605389456087,1681.7681312848467,1095.148986250443,1.3143485576913563,2410.3224204668013,2098.61167539314,23562.296184870374,0.0476017956759714,761.2052957436334,236.27333333333328,564.199623534173,1902892.427839781,18857.417348306593,1192.3934010154492,1083.6975677887465,295138.28463756613,3.3903812358276637,-0.0806678229115609,1212.990721653886,253.1814876822184,110.8530612244898,0.7841089726211804,1982.2523693063088,17121.097152270177,130.8476104186476,271.20361493166666,93.96412539793992,832.131759095299
13,-0.07725580420948105,0.029164550023666334,1506.8498294305557,15086.533333333333,-112.9085757352844,933.6998448229581,3.9602658153794534,720.704248366013,495.48912655971486,9329789.351111112,207.49437851766595,199.15181111111113,1271.06154198032,212.75414141414137,1086.6528793211392,214.0922648168431,213.8666339869281,20688.333333333332,20688.333333333332,20688.333333333332,2.2346038172169544,2.2496464436929333,-0.012941233253025939,59092.145364215685,951.4625686763393,2.4853628538138697,1218.6148856105892,2485.5338243971296,1787.4163164647948,26893.076628198527,440.19263102475963,1510.8910469178988,587.8177277155303,352.7746543417091,3462.9316511416555,271.3062533783684,1.8992276849095746,1579.719174268809,569.2704182594164,63939.16754428766,0.027861866406781968,7875.407046960314,348.483333333333,843.8689932548643,11892677.834444303,44067.777863775,742.5269143412938,3200.8655671465417,3638510.22221929,3.992260802469136,0.019521394327674673,970.9161495067457,18.19703209772196,164.86527777777778,1.4867469957353991,1760.5310953298092,40823.070957657386,202.04719982632125,5.209574944212619,717.342406252158,1295.3621807681811
14,-0.05283207581397637,-0.0029981245874152727,1584.9737553438088,12680.316666666666,-132.122292285913,3262.550667382106,3.2539190339826716,609.0751388888889,404.5781609195402,8030362.207777777,2215.252255344883,130.5769987080103,2254.032354121686,151.9764367816092,2633.064741090539,154.114932983683,150.9890601851852,13755.766666666665,13755.766666666666,13755.766666666665,1.7088316981835057,1.777942479873485,0.03720946322579353,58211.47279869083,5390.3673975905685,2.165857685626825,2383.277755120359,3017.230273823623,1674.2607247860867,409311.6344449002,510.17634442620994,1392.1952250466088,2609.590781981688,2697.9810007394435,2169.039399170781,2246.635613417701,1.3062519990284702,3050.754679638924,4090.6773512230816,53765.11081065204,-0.07887652339760179,5120.830270718058,242.75999999999996,2044.2737031700353,6292810.74923204,43000.13407984674,1097.0447807983596,2736.814791153826,3873641.192590862,3.391731770833333,-0.00652791607628325,1927.3282047658543,246.04974070684767,215.75124999999997,0.8270648774751632,481.6231593561734,46903.06025353046,216.57114363074888,230.82508598294288,1945.1190914465324,1819.0780032132998
15,-0.02850579056233602,0.12380539851507928,1353.3214295299601,10364.216666666667,-181.49287749211533,1473.6493494268136,3.275717312522754,364.3080882352941,241.87247983870972,3003772.9488888886,1768.7995566202687,110.23129999999999,840.0604234813543,115.91903729838707,355.277906200116,116.37126797933252,115.4198774509804,14459.433333333332,14459.433333333334,14459.433333333332,1.8115348211460562,1.8411945458499337,-0.09300842329428943,14864.203726848446,709.9440657908775,2.2152313150135394,2044.5833722205978,1339.1672195601432,1522.9778713714425,20728.481021333446,1726.9344663768175,1261.4100154560504,389.8192914131924,1012.9403709218775,1697.2944526084243,400.88369629259233,1.4149724362751621,1128.497172218271,631.6818757579192,14450.869528427778,-0.04422570542202525,948.6853998741993,238.38166666666677,661.6342405432745,1623312.430645133,9333.011208166723,165.29169167904308,1301.4957787368176,608924.03540321,6.125134548611111,-0.045049370196765304,885.5745875563474,282.2182716699675,83.31434108527134,0.9491133431762049,357.20922275109297,10689.231818509772,103.3887412560467,276.5534717966627,832.1626440539083,326.99876106441303
16,0.012984260958185735,0.16297275584721718,896.2574564116615,11487.75,-63.74831268424154,571.2019062950365,3.432961388949992,310.5687134502924,247.17682682682684,3580576.735277778,634.884387769226,105.33832820512818,553.3355007006109,97.99536036036038,658.8251756314695,104.13575051361069,103.31670890188433,14195.083333333334,14195.083333333334,14195.083333333334,2.5802582336354623,2.5523983876550855,0.04059872236657454,11221.92466861779,2134.745476538541,2.9566557830533235,750.0429929066194,1476.5005859388534,1237.9950925791968,98350.02049818303,120.76438382265461,1582.9859977526219,713.0475476644297,998.2180353290496,991.1389272411244,555.0729806432075,2.2183839020874627,1133.4208456776646,1013.1164415117549,15264.354274989875,0.1040442542200462,1272.430652215993,262.23333333333335,115.17413000013688,2959964.1878946093,9721.506239272605,409.7949465081192,1044.1156858708578,1819448.4129460056,1.5696712018140595,-0.07849232050228183,410.62810661252695,44.421847896275224,97.54897959183673,0.9164924306135797,282.89130933104326,13839.137221352372,117.63986238241003,21.14593653109461,2660.6105820879743,531.8781167286377
17,-0.11698192039687819,0.09944276577877531,368.8764552873635,8937.583333333334,-166.29304315465197,909.9677141131893,3.9514623035880225,425.80980392156863,281.1401366607249,2520299.562222223,463.93285468571247,105.49666666666667,520.331699613475,116.47631610219847,565.6934630766897,117.8520749665328,116.49588235294118,11787.133333333333,11787.133333333331,11787.133333333333,1.9539345015375469,2.003438723578831,-0.02197032528787285,16832.088079193898,1227.9498775768582,2.433687537083946,351.47854187462866,1194.022813270798,726.665813838733,31453.91986499918,693.8138500243471,1105.351938150712,277.8558796595409,373.48070569452506,1232.7129332896357,357.00031217526094,1.5942573831079023,407.4255859726079,661.5439333206068,14727.844220933332,0.04021387792697499,2426.888861786473,234.00333333333325,1109.3785166538948,1408304.9322779765,11192.09331047732,595.6804144120667,1301.4550717586917,531974.0987411432,3.4965886134067956,-0.03266848582087778,972.6544960973625,181.76989610199502,112.104,1.1388109572009795,1117.4959678998378,10171.273298398122,100.85273074338703,177.6601013791539,1604.5930374667869,431.19570626081764
18,-0.00718402078464629,0.1695520742586868,2385.4028901813435,17114.350000000002,-91.78469871364302,2428.880062518966,4.134875941802623,457.4114285714286,375.4385569105691,6919914.619444445,1853.8433210342791,155.88169444444446,1323.9945064861745,168.75566531165316,1713.8555352216229,168.91822073329612,167.77490476190482,22802.433333333334,22802.433333333334,22802.433333333334,2.861498723478359,2.84095011890226,0.12658160172037922,21641.76616547619,4310.848179844624,3.143488801490407,203.84505050067264,2013.8705353263292,1964.158788748582,7095.640404654803,1685.1922304969228,831.6498355567186,601.6459180178406,835.5935277722876,1282.8155488563466,2464.554929586582,2.5366093264184517,1830.5447938542336,1629.4695140388153,20853.98637076312,-0.0025161188158595877,3391.153541328223,310.80166666666673,788.8768370561643,5307246.864913785,16287.326324980428,477.19894233297373,2217.4613068917038,2089984.5376691485,8.81564652777778,0.01197745358321117,861.7232453975196,496.9622185187695,135.24830508474577,1.3481062895861298,1541.7221924944447,21686.361818408546,147.26290034631447,482.3227936445454,10916.188682258802,1503.5666972034219
19,-0.054277157640588575,-0.006314792735765017,1702.2921997972471,9481.216666666665,151.36856730775514,748.0333318934217,2.5300003264994997,255.1627450980392,181.25677361853835,1650520.7133333331,228.20260838372292,74.83624444444445,835.2738680615895,79.15701128936422,451.81284551414717,79.46732505780699,81.13584967320261,10446.033333333333,10446.033333333333,10446.033333333333,1.4123218221233125,1.4577254218141413,-0.004712694974670006,8339.840966721133,1283.2395748071904,1.6829046240854997,231.39787301876748,1104.7840028962926,1221.021992083532,18367.299920191097,1058.4937317845272,352.3200780460879,987.1732487366445,933.8092916737511,812.9089755266052,283.12918835301457,1.2500082529715613,767.538511451723,457.63248989590664,7925.173695906172,0.06219576607489386,203.11875742108276,175.96999999999997,972.7950982041469,592491.2520645023,4800.879127312338,287.47747992043077,498.79600366305317,352000.1442022372,4.877358276643991,-0.035138404490931946,336.46826963744076,219.71899816004174,62.142543859649116,0.6733601937073064,1154.8182600624941,5995.089267176818,77.42796179144081,223.15525479612936,315.96025189561925,1155.4504462559664
20,-0.05702674326834566,0.05916734640323918,1999.0892460984503,10717.3,-279.2692038840833,1047.3045931330976,3.3486279200355735,428.43464052287584,243.63975044563279,3175576.8830555556,688.5521875260097,89.7635777777778,812.5914093806634,89.89736185383245,579.400872272599,90.64190945600585,89.63111111111111,11042.250000000002,11042.25,11042.250000000002,1.647649181790066,1.6437849297242508,-0.03954205719604203,22245.24543366013,1337.1108392722738,2.0561268212135273,1109.7237540352367,1913.9473262808926,1946.5003858818104,17609.163756610942,312.8046258291462,834.5243634733744,865.7827921547624,717.6946769316817,1391.027640219219,1313.1838381437371,0.9335381833168459,1202.301266007743,1155.0213083146916,22346.756161476544,0.001978740579775684,1347.944285803121,152.7933333333333,836.908189958459,1011805.794302488,17395.89497334126,789.1369887770179,1463.761413738909,432930.6643443467,2.3900231481481486,-0.01912809414025961,1548.4996539712195,343.4558482765487,107.75170068027212,0.7800977061930265,340.08286320002753,14767.269077747169,121.52065288561928,325.0728437604605,981.1545981982052,534.4626681104013
21,-0.020847394888093958,0.14901164010869264,531.3842905651198,11842.066666666668,-117.8708767732774,1031.028106821988,10.961298326683641,329.30445075757575,205.60266025641022,2450333.1919444446,1307.7176564454992,64.9825977443609,266.75652989257895,72.52642227564104,678.5431911296744,73.24638780041798,72.08751367845117,10896.183333333332,10896.183333333334,10896.183333333332,7.767453423692601,7.985641987613828,-0.05337552592414357,11499.328379129449,1120.6382750609375,8.204639408655163,1732.2609947829276,1653.0133705851667,920.1490835352142,1457.9552565488439,346.6611368632656,579.9908431243528,355.9794297953507,621.542062463831,1678.7425568384274,1042.3080979336414,7.640486916330276,511.85114543943916,1273.8798917552513,11085.929979100118,0.03740825886109386,5163.52664819235,118.98999999999991,4229.455011027332,373963.380088182,8491.131840691105,1039.6069258236028,730.4295492838046,26317.52222696943,0.079256749805946,-0.015348760818896679,1142.7096290712916,132.68185116472773,88.38697916666668,6.4418658093236845,797.531311595617,6514.573137023679,80.71290564106634,132.61843792951186,885.5087709077494,77.35380626029605
22,0.009700116625667181,0.21715753527838655,582.9288515415362,6985.6,-71.891002833291,176.52193911205353,3.270642099454175,174.7986928104575,113.6080808080808,1018320.9397222223,366.99141773571387,56.37007777777777,730.3355413516114,53.88806298276887,33.635151176410574,54.02468905926737,53.56866013071895,8233.583333333332,8233.583333333332,8233.583333333332,1.4936754682380808,1.556039631189995,-0.1592257734518539,2348.5323661764705,563.7727946915289,1.8275451169036985,465.2957692253569,900.5329712021777,661.856488185157,7182.465110654714,254.29520340929753,523.4881271068965,332.3390916955432,975.6883438257248,850.7091588108713,205.38370110267297,1.2115805262872306,289.2668041210348,617.9051759553865,3045.099562117284,0.0934475692245246,708.6647265327447,137.6833333333333,159.8364323815912,234505.29977164284,1718.1364757377698,627.2045713690914,472.97050650858307,103365.82611398665,1.7419830246913577,-0.015759657708512856,66.3217797872104,67.66990437740466,51.99407407407408,0.7562046352922115,190.46125793318615,3681.5816546270785,60.67603855416962,64.46310221267773,788.4650405673383,553.7275568482936
23,0.13108412653764584,0.2068706492579536,2238.1752105998808,14956.616666666665,-139.91579594360985,1754.4383907269894,8.581071930328715,465.06689024390244,286.9190875527426,6800354.922222221,7748.1650577768505,123.26123148148147,3479.524790866916,134.3280105485232,3032.144008661838,135.2766756169288,131.9136849593496,19290.466666666667,19290.466666666664,19290.466666666667,6.4993505023852896,5.7471614367936095,0.05664657517408282,25440.57881353997,2348.067118833929,7.403198854279942,4058.674957450518,2241.2902371055034,2424.3779980881964,8088.601306633094,2069.6073221327892,1056.3969442505113,1442.3616123508878,8047.862588243453,3919.7642054688195,2227.2564830560905,3.9187555617823175,1518.9108632936857,3212.0898098145335,27932.467038424893,0.0660450228814994,14785.490484085758,222.60000000000068,1844.3547555004932,2593402.4011479714,17487.016133199715,1880.0894062165378,2780.4716616550663,1266844.2892490765,0.11019164025954431,0.20218663501061895,1844.8965769262795,75.58818789921723,67.3534789644013,1.7983394778152617,2031.2559953020068,14831.072520813974,121.78289091992345,66.71889648521831,349.06202025848046,663.2437691091709
24,0.026008565697827793,0.2064893246558355,2752.0015955183376,16648.783333333333,-184.94400042183852,1409.2377683379168,6.6332495807108,513.8102631578947,371.2162618083671,8135662.921111111,1672.056596440143,162.66877927927925,2617.2954667434365,161.69008097165994,1552.5119102520507,160.80120605302082,160.22679323308267,22028.6,22028.6,22028.6,3.119569082294317,3.2137732174511306,0.09566281470516795,24851.818447252357,3058.9425553970273,3.4209948871902673,1807.4968047587063,2138.0885768601825,2872.4669664885673,54196.02102473133,250.80272791283005,2074.481835656025,1619.2622163309627,2295.9204680847047,2559.746314671915,269.64455611109423,2.896904655174815,2138.4683813192346,1478.5789682305515,31273.1926596047,0.1214462006716949,4713.79858239291,377.33333333333337,1211.4940565170648,8121596.108023597,18046.719758614483,1518.2887416244591,3791.6180083494883,2746934.4445059705,1.1569628684807256,0.011991795748618816,1010.7224889350971,278.9764164509562,170.54944444444445,2.0262634705826197,1390.8222822314967,29629.378829471178,172.13186465460478,279.74891111955844,2779.610491889348,2039.6723148537978
25,-0.03665705691755724,0.06250626812270761,6988.337762118376,18842.066666666666,-259.7363916431866,2846.900424927871,6.588630827950551,664.1191197691197,474.1064414913252,8149573.729722222,1058.100840799563,164.03753333333333,4375.511042785142,187.30781838316722,1933.5754790715657,188.5335087719298,182.83194083694082,20759.283333333333,20759.283333333333,20759.283333333333,4.439002160882852,4.405524766965338,-0.00411991539203237,41568.50220338438,4283.702412163786,5.206921595093887,1585.9368870339706,2299.394340666448,4606.884817758526,60132.96859987412,1195.838558674334,5236.64825957823,594.9148470846287,2124.394307252236,1620.200582381275,1105.1529912148276,3.7251312966916026,3445.0364054317065,3060.5491346096096,44751.947141424695,0.07817219224337102,6314.825571947512,358.34333333333336,2043.4771326742218,6913188.877808999,32935.337738605886,935.1142906000949,6627.783777114134,2832296.079982182,0.21280935657301414,0.05977319400531349,164.05058932786613,596.4685608888267,205.15055555555557,2.6882573088425152,2508.2157174850354,29127.379524240132,170.66745303144396,588.7964453834569,2884.7858305204777,2367.02120318773
26,0.005201894693320099,0.21375926858123934,5312.172753975476,33576.666666666664,-394.7933181573466,953.8355225018391,3.703075069513765,484.6992307692308,258.3431156462584,23909639.673055556,3929.4410141236594,123.7256857142857,24877.999411191304,122.6556421768708,1418.4587770464364,117.16339149066422,128.86283589743587,41714.683333333334,41714.683333333334,41714.683333333334,2.655103275337862,2.6859261854675562,-0.027441895384235162,23880.649929940177,8496.24057131362,2.944536894898139,2235.1523281387977,3840.013451365329,6193.217241356465,324484.47247431,2351.347515682979,843.4376952784332,4368.896570251849,3599.322413452298,4647.731349289022,3274.8884889941205,2.4842457606878288,2752.0684376325166,6833.836230923375,25168.155211348887,0.22661446026956672,8994.413698238095,574.7666666666667,1351.8113816793805,29914702.196086593,8310.084602723357,3569.7765827646435,5344.996904211902,12409818.113907913,1.2354987654320984,-0.01643064590196349,560.7625701466795,407.90693004397934,238.3561274509804,1.3086911060548474,2039.5477606630418,69087.118285622,262.8442852443667,393.22511788208647,1865.3163987639102,2172.4501474424155
27,-0.09250086642806808,0.03864056569846324,3111.2838949614957,21498.3,-354.9059252118046,2802.255016580741,6.320090243028159,841.1353846153847,510.3568299319728,10818889.799444444,2060.103670981177,155.05044761904762,15659.511263655133,167.63108299319728,3052.0842754371865,169.63749957487335,164.9177641025641,20485.233333333334,20485.233333333334,20485.233333333334,2.3006646512685247,2.527565950090624,-0.07153309235933954,62166.78953993163,2373.5933255651394,2.702272153380518,1270.0763896453852,3030.5346652401495,2515.0200059725234,43687.13032322435,3514.693117302744,1335.654932477302,1741.1460613784323,679.4640991800844,1396.4630405470334,792.1188257980824,1.8188208472772898,2142.398534382982,5563.081595337367,61413.62193714785,-0.03514994057517099,8830.987613349747,303.5033333333335,527.528280302048,4628023.486672377,46121.640754757376,3433.9449967379587,5603.06072312604,380729.2829505136,0.12393988715277775,-0.09425144692337804,1363.753488495105,420.4678911449224,233.48937198067634,1.28586348180713,2188.440263222584,37540.58033509399,193.7539169541973,403.7474218720821,4901.072779465554,1589.259022038684
28,0.2581751993203693,0.3177771953228485,6957.676326832764,22073.983333333334,-336.86034806811165,2329.129469857842,7.491239760049203,799.7060000000001,599.2573469387755,19353972.58722222,4061.7762676059874,321.04852380952383,5385.722357138526,349.0607741496599,1775.2665515576996,353.08969492908886,343.8789948717948,41206.566666666666,41206.566666666666,41206.566666666666,6.299527620962389,6.308774834012389,0.1631597038719867,47392.454630239314,6586.067418053652,6.769912343666733,1097.4767762065476,2539.749824457782,5072.372425179176,22857.246659748118,954.556249314455,667.43106345276,746.860388665324,2798.744709960268,3266.762652128745,1576.6863818759305,5.890003083234743,4883.2043326890325,9681.329672478938,58397.62852063114,0.04394781770891486,17611.975545887803,539.4816666666667,997.0824208803983,27330547.607788503,30565.610900718817,713.0035923381757,4108.260846755214,16989802.110515777,0.20953750275195174,0.1952225813858391,1941.8924138178525,1091.7198682875478,167.6325,4.521712564725576,76.26508858240699,50981.49425676753,225.79081969107497,1032.2495428243874,9248.79231372582,918.9761665062354
29,-0.12102966301011825,0.13106943224625545,3293.3696031599206,15866.733333333334,-214.64569687758893,1295.3060591283138,3.3523922090433906,424.8627450980392,257.2768568033274,6645767.7369444445,641.3371616351052,141.3005111111111,226.8358444718663,123.824789067142,486.81781484748944,123.9890130217841,129.43372549019608,19738.316666666666,19738.316666666666,19738.316666666666,1.8145650982302162,1.803087581114059,-0.10348549400755247,21655.601363180827,2349.2973338760885,2.192740559022813,1696.881573837456,2193.142445594145,2261.700690020703,42504.36696068917,1294.8257895744068,1214.1699490360672,999.7535749672934,1167.8358869247688,1707.1054579043264,1682.593004979163,1.341017195073575,1028.008547439473,1169.8593727060033,25925.175587669135,-0.01933836307319551,2277.2373524542354,376.03666666666663,3252.483428124666,5225591.255773574,11743.552228441276,1087.7088062423707,2123.5450022573204,1818882.5910179433,5.548224852071005,-0.08416631412266869,2202.5935746183477,217.92257548292048,148.36458333333334,0.7885263767959318,1618.7700701827487,25966.961680889704,161.14267492160388,210.48760401858686,1720.6899713015484,1492.6898947228583
30,0.05947923471528195,0.27669306048036446,2462.729357865162,13434.016666666666,-173.03977889392513,795.2832263122938,3.5374799166474116,348.93169934640525,248.96316102198455,5111179.588888889,2235.503304204817,128.7142888888889,228.97104904811232,120.44976827094474,671.3962811790203,120.54860898138006,125.42777777777778,17751.8,17751.8,17751.8,2.03424364710076,2.002154598357725,-0.0029349146084424113,17380.499581154687,2816.585076692588,2.4281930922835158,908.7773799655022,1811.6509139916186,2064.0086156686866,747.6388788662055,1145.1061792735989,822.402603310082,775.7617165490511,914.8997688674913,2020.750749076908,866.5036043082207,1.5834506526650316,755.7610789538097,1203.0814346259722,19699.623502098762,0.26786918983338603,2646.9318352122323,317.77666666666664,2140.344059331444,3705075.3916210528,10154.209293879978,573.7495605198491,608.3741125826917,1139959.7394770533,2.3231061728395064,-0.03768827098711284,1120.853104856131,145.33185805488577,110.82604166666668,0.8902102883907214,2999.3068310515496,19401.95514882155,139.2909011702543,137.84196080152074,1891.6472728588412,696.7877898757866
31,-0.08620574189278644,0.031618161293335785,3987.2985120426288,27773.966666666667,-550.4269408570433,3655.1569450497477,3.6184186210707097,1120.9166666666667,642.4403149138443,22973208.075000003,1125.4748391139267,266.7998,4841.572502091187,266.715210932858,2777.187422903844,269.10627723013266,269.0141503267974,34174.33333333333,34174.333333333336,34174.33333333333,2.2995225470629035,2.382140300753751,-0.01600715418182052,128563.04134297385,5297.686882626997,2.9350147466171865,2259.006502131984,3891.3454004438563,876.5889240636867,271745.50281260745,786.1096597361981,843.9912228566317,1834.873791280133,3541.04869564836,3642.8775603710933,2291.419729976661,1.8739842532502804,3195.7421439860727,1757.2746766428104,126763.42984275555,0.0024324734673999877,1660.5685505785525,720.9833333333329,1394.2750676442884,34667526.3892251,80641.08336419093,1615.0857443263235,4715.962543913311,11248904.024510726,1.7143950617283958,-0.07519327721193883,1055.7683265343794,280.47097555408766,268.38843537414965,1.3880322917045977,1156.4955547586703,96334.04127078872,310.3772563684213,297.7318404226756,3420.2888184168423,1421.7533620137679
32,-0.03204613422770785,0.19965761908842564,2134.822954901574,24292.81666666667,-379.68672690763776,4587.840195991965,3.1490976142944826,731.5356209150326,545.2976530005942,11118106.58972222,3179.5423137537973,179.40926666666667,820.2426928386252,186.42270944741534,1830.801179305897,187.59784227820373,187.3735947712418,24018.35,24018.35,24018.35,2.199603659862034,2.1076597147645812,-0.18539575365591174,60343.7377208061,2324.094683508209,2.503512963617136,2319.9485736645984,3129.6088905005367,3183.344876380328,67239.6121222763,1203.6422173613028,1278.1890573103858,1118.5209339193286,3054.2542193078725,2792.369931016783,2574.465316511212,1.655993292006063,1744.156320767872,698.2559659306143,56753.2677029037,0.06808349358041807,1726.8079294895929,444.04999999999995,2252.429619262948,8104220.016966201,50917.135649712814,576.7333661640314,3269.2506181768,2221965.0411983263,2.048027613412229,-0.03837249738033486,1957.0321703782524,421.2318873421528,320.36156462585035,0.9987570411824734,1791.9588950732025,46193.074401530466,214.92574159818656,417.13722543882955,1817.0885296679562,1944.4263369867028
33,0.1940871913607523,0.375621407731244,3211.299517171661,19776.916666666668,-468.81245536957806,1625.8890698129921,6.989581007044707,786.9512820512821,598.9733534439417,12821363.08111111,1987.5213713751652,233.42410052910054,7356.083077834401,277.45678816825875,2377.281637092978,281.2772535350077,270.50175688509023,27934.033333333333,27934.033333333333,27934.033333333333,5.9516324773244875,5.796493838324553,-0.0006683121739731017,54614.240584589,7382.084895302373,6.255948474540187,1022.4815675958616,2622.922545611627,2354.6481454252535,114732.14793811066,1872.5629699799729,2708.105060209403,2453.4556808382085,402.01255498793256,1813.0850424028642,2430.7646177777597,5.638689283784857,4240.645898776048,1845.8469729019014,57843.03666156672,0.15499054793062458,14108.731855979697,417.5666666666667,2830.782302258966,11887717.912826398,40396.64249650671,1391.8389842868776,4404.675074992674,6880748.10678778,0.14581482356647768,0.1690514953692608,2514.733706570626,1235.7638391870582,198.96341991341993,4.0061086456346,2067.690295012525,38486.691578580096,196.18025277427924,1172.9912325366256,2040.9628784014608,888.9370378151935
34,0.09356542166931761,0.19730233994453314,2518.645081006803,18604.38333333333,-161.44310468552476,2993.4249244323064,3.364251978779281,493.3862745098039,284.6358585858586,8546293.37138889,1760.343716023807,114.92050000000002,4413.970270513991,102.78108734402852,1143.4946870669205,102.95561518802484,107.38454248366013,19851.05,19851.050000000003,19851.05,1.4379894501513455,1.6035389632511794,-0.02158715150459143,24641.9120756536,3859.4992641776366,1.8998427150396542,3510.7790660131427,2623.206171685075,2815.4817793755215,22691.895835626314,254.60215828308193,3106.7598820526655,1778.584601772064,1606.991775832338,1652.765138684034,1494.708787527281,1.1954907023016195,1355.7696836117866,3235.7306856155756,30039.170923448142,0.10559134354327064,3471.0522568109295,337.6733333333332,1757.8849386570857,5767773.649752896,17712.50105248564,883.8801470687843,2469.468872644189,1342766.657413245,1.4725970780469044,-0.056156520975691106,2034.956038945625,355.5767166409627,222.71933333333334,0.8618188983321206,2239.6393319589006,37321.36713229262,193.187388647118,347.96724842186904,4579.53560148348,1277.2128915337967
35,0.03198773204060547,0.11197722586815317,696.3360596625698,29539.083333333332,-360.7785820977412,637.1932458643922,3.934782961647732,612.401593137255,381.43632392473114,17496390.322777778,1828.4231478875317,159.8165,908.4506037442973,172.07100302419352,1151.2243794878216,172.31506633151793,165.54835784313727,31269.566666666666,31269.566666666666,31269.566666666666,2.1595801780792856,2.4128418336850204,-0.21195889746716914,45570.3440464563,1344.9469147503269,3.356407271501921,9978.076653844957,3673.809269644006,903.9533325672519,12210.771531363573,3898.6204003594253,1363.650089656862,1185.7779024830622,1358.025165107614,3797.4130174080137,1178.4851718775383,1.3689858665463244,3391.920690369393,3088.4085882273175,50113.60954985001,0.10088789565473727,2649.7667954060166,649.3633333333335,2287.526411531852,17983990.314238857,23889.485275561437,1221.5492975088032,416.5966073308066,4065677.5268250005,2.3622956841138656,0.06507950737568556,1713.3293673040994,414.7801306781977,343.13913043478266,1.1324775080217941,621.7548517036226,72383.97327486367,269.04269786571734,397.82761481040393,3302.3150975382546,1603.8104114509256
36,-0.0014782199063768438,0.23502377374086775,4474.54257461952,24303.85,-289.62210106509065,1900.0878615058998,3.332997076620521,529.2121929824561,434.3049932523617,11733563.79777778,1313.6816210810177,193.723254954955,3432.57114252025,189.29894736842107,1259.2004259100088,197.54190844616377,194.87484711779447,33902.666666666664,33902.66666666667,33902.666666666664,2.072618429414095,2.0513817341085523,0.013218084363860965,30167.484896364727,382.77743025369347,2.329039291748145,1720.2765157501713,2462.7819305614535,2755.5501354130824,64600.70022342955,1360.3240797571216,1724.2236618994211,1595.3952017671581,591.0154077573009,2587.1937270130466,1673.0967985854977,1.7292746375500676,1885.2767680124396,1816.3006241541177,33035.59818113297,-0.04295082850801594,1284.9050782813474,432.2500000000001,691.1921764073744,11571753.74445623,23626.772981151593,1785.8363308027074,1846.4148968601853,5253909.784405308,219.2285404339251,-0.039285788418426656,887.3442903691555,382.9727440336398,154.24609929078014,1.088707161440581,1852.3545294543048,29877.48071358441,172.85103619470846,357.4184226065692,401.53271405728003,4527.661104423764
37,0.060409350521075614,0.18870862915252856,4865.996518181484,19093.3,-346.7975779826661,2254.106032784459,4.160779707764637,576.0765789473685,439.8748987854251,7343288.687777777,2481.8955970765137,162.25704504504503,2628.3604220106513,174.9304858299595,1433.487726773957,174.9857397504456,171.46977694235588,22099.233333333334,22099.23333333333,22099.233333333334,2.502176506956914,2.5769926262527307,0.062266799297384934,32885.9932842887,2482.8047210149452,3.1172063737685556,610.7799439497924,2294.9218692825057,217.55727457168743,52252.10200596859,1896.3970409264386,1912.4809831998127,1321.1885678853685,2976.1809580208273,2384.9879917289377,1037.7649756440217,2.0171168608781906,1187.3139923624844,3548.478032321573,30595.372882706237,0.16220530653702758,2965.634662161503,346.8600000000001,1292.2669379621093,4873006.092758633,24390.204714439948,1665.9729223936474,1842.3064799697895,1901174.0526685892,0.42123713505566057,0.0009786543759898792,1853.4468785757388,249.9007467734052,184.7041666666667,1.2556658289419984,918.7296831242631,25302.95034725996,159.06901127265473,246.72620023068959,2824.9355216056647,4500.621707991485
38,0.25091608237507584,0.37366385950081216,646.61915511368,13065.8,-59.45346534487463,745.5883649336666,22.898253020728248,331.118862745098,222.70607260726075,4965339.4799999995,2472.814137900786,90.99763636363636,3553.079783106645,96.7561603960396,1804.6378820564548,97.23613333333333,95.98058431372547,16153.800000000001,16153.8,16153.800000000001,18.168710314878687,19.678460848932005,0.12195048523746584,16989.452746725492,3535.9469593222993,22.71392530237305,1185.94350964779,1801.8999821176412,1307.4805318731726,47684.498558182364,886.9416170035736,1816.806887515972,2320.6868238570555,1601.6043483185972,3843.8507814430172,2664.3505504521627,17.605142257166246,2813.201541573888,879.7380018919655,17798.105231094953,0.3337331870265604,14209.476207134596,130.2233333333337,1595.2130761862536,1499433.1715895156,11124.189448457648,1528.4361374049977,2515.6153758813934,485463.4691656866,0.0,0.2044795440835957,666.8476347963632,12.355667018212994,26.183967935871742,17.24819184073793,793.8603964191786,8886.897942239999,94.27034497783488,-0.3540930025297815,755.8807957418834,3267.35340434802
39,-0.017635707048662897,0.10952648776015281,1862.2943225909953,15204.416666666666,-137.46657877571755,1334.3803379098438,3.5428334151198455,362.86013071895417,226.53885918003567,4908644.421111111,852.191888088577,110.16163333333333,2127.3071137706006,111.58320855614973,1707.9007509295168,111.72567725447243,108.34248366013071,16145.2,16145.199999999999,16145.2,2.6302428501449238,2.5482131967006985,-0.09539631591255122,17593.792985729844,2099.3079269355894,2.7550546931585522,731.7325586358514,2253.0418505384623,910.5506294574857,30329.217629962615,1616.2284330151715,246.71429100759275,1977.5607359705443,556.9869574143652,455.61172696591007,932.6139474262545,2.2923383219039706,1541.3361649277022,1052.1790120200983,19554.36060132963,0.03332121137960822,1606.5255678441936,269.02666666666664,580.2755872783116,2210015.1858355203,11117.778283897796,1095.4948785811116,932.8357195533029,778698.9700739302,2.589458218549127,-0.00018985391205488607,1493.5572009919028,364.73723033281385,163.16589147286822,1.060353533658159,871.2186809526041,20174.796930884604,142.03801227447744,339.53631169057513,1981.1928587191023,243.02269952644818
40,0.21859579789222505,0.39261398734205055,2880.998436911139,21951.6,-187.06838682915662,4674.990311992626,13.521732435987644,651.7259756097562,390.04439873417715,13206936.411388889,11198.95087301586,164.45296296296297,1828.0622651158503,176.74859810126583,1175.4748078577406,177.8994246260069,173.58118292682929,26093.55,26093.55,26093.55,12.21234844731823,11.402594084122914,0.13455991756406613,50910.00164196477,6746.119569848668,13.01500113679548,6191.674322082628,3041.408920860345,928.5317285590681,21390.7015433027,3049.9731903676197,8099.099626834766,1746.8191942590436,15558.18149292464,3175.01553156858,2179.7883303686267,10.280253382286896,1923.3626609277185,1926.4703841947216,52504.65924516872,0.21440633702366876,19890.787871820517,274.3000000000001,3747.883690692161,7025228.881488514,29325.796903319264,1978.061423173336,1339.6382319713832,2009877.443905714,0.0,0.16294032256249766,2321.537707716591,269.98298428527085,138.75997807017544,5.634183713395517,2960.0376553529595,29071.408626156783,170.50339769681068,250.33082639048817,2912.64075798597,3245.6700759605064
41,0.19600781116749996,0.2737804293947949,3245.384278332699,18405.716666666667,-76.43518804299146,3616.513499485724,14.343785911975434,522.471849593496,352.20458333333335,8213273.536388889,5223.47116020746,130.74368518518517,1563.9284644077102,140.9035654008439,2104.717224052258,141.91993862677407,139.3058455284553,21221.38333333333,21221.38333333333,21221.38333333333,13.047094814064788,12.99705326036325,0.07396153372048378,29216.77408417344,1654.2397783321455,13.319088106910272,2786.5172705700943,2411.5243352954626,4026.767657595399,13102.591392913786,1702.18264314707,3162.31316880909,3573.9322063758486,7638.607935224011,1221.1613052485648,2371.196118291442,12.527327066758364,1351.0050550685273,4542.503092844235,32509.208820026754,0.06301798473762002,17047.330730758633,201.71333333333337,2308.570348079679,3342865.965784505,22141.948185991565,2188.137515046501,2938.281106794119,1534842.8940177606,0.0,0.22165487788043198,2851.2834806546966,-158.36022745403403,108.66211111111112,10.283906632626223,3797.1347068259993,17906.719668600115,133.81599182683703,-159.56840161763824,1185.8277517974911,3635.053870401214
42,0.03719983556327536,0.1467013382750773,2150.265104238001,14995.133333333333,-239.3927687351645,3092.560224253688,5.592831241103862,606.3327179487179,401.606761904762,5651258.576944444,1711.3669579221425,132.47476507936506,9840.783370180396,146.67589931972788,835.4984691305873,149.52807706696598,142.2158717948718,16606.983333333337,16606.983333333337,16606.983333333337,3.367569110655466,3.279163919136646,0.039084199088098556,36226.28476161539,3146.901922266626,3.9389468658213453,3178.9180258221527,1947.5163509511858,1358.9222696889776,69152.41880204162,54.78647198196924,2290.978448951151,1431.3496698981448,1310.183712453056,3983.4571405986994,2062.8618266141675,2.590700284624657,3989.9220075070216,206.54684535297523,34518.74571351721,0.07040905589596795,7002.962199049284,270.03666666666675,985.5940359367622,2735506.0858125193,28168.840932435374,1763.758974486193,5999.315068598174,783231.6123045053,0.3846136076675849,0.03913115075646441,2211.230511104193,328.37915409566597,151.94540229885055,1.4153681823316462,639.2973443150644,18643.068782647093,136.53962348947317,342.4275780292043,2767.575813500983,937.1346645955645
43,0.12412502901997947,0.28245034636354244,230.31538643160852,19350.283333333333,-379.76221586269776,2249.4436254083143,11.521522629378072,650.2564722617356,412.57393557941487,9264382.869166667,1237.0212833678756,139.38659615384614,1340.438656934185,155.72899872475216,3701.9232291942244,157.37769578905943,152.81550102734315,21910.85,21910.85,21910.85,8.737687624076912,8.977456538215547,0.039898675958236714,43754.62516051008,2941.1818795927243,10.54762273681593,2871.8192995995137,2704.6273443756436,818.880078432381,167409.61885269673,2886.7178570168603,5248.084714576377,1510.1807962515754,3024.9694485723617,1568.6358125537565,303.59154179915544,8.161412887331513,922.640909283031,3441.969027703764,41847.435207483184,0.22959882758428354,14520.569080451367,254.76666666666668,858.9013844274432,3947817.327575215,31265.555484570417,3602.3011534294474,1996.7262547297046,939165.7068215207,0.0,0.09999736343460394,1548.2065142501174,477.21778518639826,117.15000000000002,5.354919205895766,2698.5819628929953,21878.329757264608,147.9132507832365,477.84829955159125,1325.1288980156191,1086.9640239374583
44,0.14812558796776198,0.3331456563707306,1308.2015529114958,29335.666666666668,-326.982225979379,5409.725313627189,7.599482574950173,810.9342886178861,530.7589662447256,20257320.96777778,9450.063950305019,236.84207716049383,6109.289383769718,251.23311603375527,1071.0255277807871,252.9586133486766,247.3005386178862,37308.333333333336,37308.33333333333,37308.333333333336,5.652804679137194,5.472502902568522,0.03979595897895161,68420.6472706809,8708.794157740338,5.996505303460724,7297.682948491198,3575.133875581911,4265.560725096662,273386.3624712722,4894.885466459457,6918.150505132067,2918.3486552884083,15910.864251626146,3046.0491790065294,2261.344458808973,5.010525408596802,6004.421199763583,5455.811862852489,76215.8697456638,0.10487897745095741,25575.69894633944,426.43333333333334,1804.8191374248674,13618761.018016905,41094.168038199714,4376.861497290263,6281.365267157086,5169249.2544443365,0.15967994040753555,0.17400133297606007,1466.599339144908,814.0031135166814,188.57995169082125,3.0235299698443487,6793.207949986104,42363.27541202443,205.82340831893836,779.0597046828659,2352.4276462826324,3454.537513985658
45,-0.013997975370103825,0.18932668275812847,2167.412979170014,14522.95,-304.44254280867176,1145.117451174082,5.733463853137543,484.30210526315796,322.43744939271255,5466907.163333333,853.9148739662735,124.10936486486486,2465.5889411698195,130.09774628879893,348.2717018741433,130.04188663860128,128.55404010025063,17018.633333333335,17018.63333333333,17018.633333333335,4.576702332679153,4.642095414330525,-0.022935394405470707,22835.136772166727,2263.1120510179244,4.99463311060159,3243.256874800241,1853.2962218256782,2857.6632654828395,81478.93978251306,1131.956037604111,1153.3543613873012,2041.7484499783702,1889.3223175095607,3402.143254370014,1405.0508860477305,4.252250129579965,1459.1335425202944,603.3791390536586,23691.442054516232,0.14661776730870954,4053.3086876351035,292.65,1809.6401141227311,4454204.307015441,15481.929862573099,1430.2730749495306,3242.72765139534,1437526.3551313498,0.4633918128654971,0.0003429730943756851,212.7107471000223,320.6464572534907,144.5772727272727,3.746931337915582,1250.550109215209,20952.20792727527,144.74877521856712,313.44511903855647,1947.3786110025253,669.6741300261953
46,0.22383828058667476,0.3028760302086313,7889.495881047941,32726.300000000003,-585.9931560407538,6669.071864975067,6.879126635707484,1016.5397560975609,664.0691824894514,27473331.414166667,17124.506930044652,251.04454320987657,3837.349136045473,270.82907805907166,4434.09368706632,272.83777458125564,266.49514227642277,39254.283333333326,39254.28333333333,39254.283333333326,4.5213595463115475,4.402083365638681,0.060009503801050565,107955.40017503388,7901.750171746565,4.943075533481729,8068.733251354928,4335.91001239135,5816.802493969003,119423.48672950128,2239.7105092336924,2940.6498705811696,3043.327622959316,19905.8777209338,3877.9831916899752,2927.8611706240017,4.075024241019156,2451.0765507776655,7612.3781586875875,112109.3835253466,0.2294907489523477,28609.916834010946,446.0333333333337,6554.915291563694,21722210.56099585,77227.76068524612,6479.344660872795,1183.1591739688156,6945993.389812458,0.07439168864824841,0.19269609472446692,2113.517881015409,354.1813433757793,199.47817745803357,1.5108755850976228,5222.388479333151,59676.764291506,244.28828111783423,338.93887908610304,3936.2283513719735,4111.856358702338
47,0.11585611239218518,0.31670949398320025,11391.15753058085,28065.23333333333,-348.06576579276793,1530.7535029453754,6.126500935051989,982.8694334650858,737.7817676767677,21933885.699166663,1102.108380162285,318.4327333333333,7380.4727474352485,350.54403030303035,3343.2162920441874,353.8370965309201,343.6996113306983,39463.91666666667,39463.91666666667,39463.91666666667,4.679888394281604,4.739161814035986,0.1068852860189775,88434.16866779755,3970.164663900902,5.05637318880653,3274.5953031849117,3329.0603816158764,18511.989766462815,46647.41500838242,1380.3049032940935,3702.8865111903065,1058.7432619786507,2741.237966359492,3416.5550670938615,2026.3604405419908,4.426385779036087,4141.171288837179,4843.197606754968,93433.73953002223,0.295517943520632,16574.562824661916,592.035,2555.1441682420473,30185717.558724456,57179.185035690236,2029.117705039545,5086.154510993124,16488546.484100094,2.871636911013093,0.14197984155695806,1857.7127583326703,439.81768193325877,292.3884057971014,2.7045651444618026,1654.5041315261212,67521.77965171602,259.8495327140613,385.25359340971426,3610.894661763618,2997.9814256031327
48,0.01815464759115338,0.19263924690014259,2479.0301459295624,10589.033333333335,-34.70474971169545,2129.915983521126,6.6332495807108,310.8836627140975,195.24217171717174,2070869.0833333337,1079.0328389575754,69.55126666666666,637.3775054001687,71.45933333333335,1941.0610534421398,72.0809515974222,70.80256258234519,10361.733333333334,10361.733333333334,10361.733333333334,2.7824438163514684,2.9681438342854025,0.013931767124333335,10003.175161890646,1403.381311934974,3.515752364701977,883.8712723211179,1520.4804061728505,5315.384958847551,7191.172929541482,915.2224499452443,898.5141670312076,369.92863455048337,522.1081866360321,504.908201251462,1345.9666324757125,2.2525901196733162,1997.3177389443958,689.5479274691521,10652.632769222224,0.04307103750863709,3237.607087042244,129.98666666666668,1198.2437421438776,332682.75584711606,7560.000833400674,605.7034363086407,1681.5666465285665,119515.08312720765,0.04163738905325444,0.005768996713595629,1097.4295557093676,142.10618074368847,102.17952380952381,1.9026464486269308,1198.0439935904394,7194.745468227732,84.82184546582167,128.2642088697861,1131.4656061572905,300.3916703180001
49,0.15304310152157255,0.260877597016015,671.5703216547846,9637.616666666667,-188.8606381010767,1290.8582845874334,6.7872970403115405,350.60687830687834,225.38570929419984,1795420.1483333334,927.2779491832598,74.74939229024943,1012.309135418457,85.55848357791754,605.6108010073115,86.47759815132457,83.35795855379187,10004.666666666666,10004.666666666668,10004.666666666666,4.510118299181783,4.338289804792563,0.07638801060928213,10521.915979504705,1008.5966319776787,4.8326835144591875,782.5080526606278,1272.3698127029647,1273.331979829363,21984.22632892314,1017.8730387037359,1359.794384793241,339.4441500008562,1432.391704421792,1510.5063998194787,1806.6029866545148,3.8900058318143556,4928.222042324594,1495.7763017856407,9691.441344502751,0.15565897006260124,4799.699599046632,112.27166666666668,725.3066497234439,374957.4962499647,7920.302592033542,1027.866132833813,956.0836678248055,98262.79200475429,0.017466944261816046,0.09439558097538665,777.4623343537683,255.23375684170279,82.7634259259259,1.166219871838598,248.73788106439608,5364.691862501276,73.24405684082004,248.05357826644422,265.26817505580743,192.68487507350267
50,-0.009821206122969061,0.0700721747977875,1550.722629678483,9174.566666666668,-241.88291834659114,1416.5161309849818,3.3302483495455424,436.2323529411765,287.3403743315508,3028140.4172222223,2241.7428989227096,83.49462222222223,2125.3472408708,97.41815805109923,689.2492993695073,97.68424485822077,97.4226797385621,10329.266666666666,10329.266666666666,10329.266666666666,1.3119146808774513,1.4957534688508884,-0.04017397477400214,21317.746250980395,2950.669818327008,1.8909745572893826,1126.308290449832,1554.602430240964,2488.8079950974643,34932.69514952056,520.684022757903,1068.9542327575268,960.3718124502925,2019.879469566429,3532.7283106080667,1059.2459739051303,1.052341444416353,1029.876555562824,1834.2250598698804,18706.71666559506,0.055193260630107634,933.9644637275828,134.3933333333332,813.7499673825469,1534933.609740485,19180.43261937017,1183.4061974467697,2317.3109176621406,257963.57902769148,1.6725410913872456,-0.022271305953715417,1622.848923193266,288.95555166187404,146.52113821138212,0.785653668599895,1667.1659162729568,14433.403818936844,120.13910195659382,294.0709887521409,2261.3308297746416,228.81415623831398
51,0.01807136125701682,0.020346070724838124,1837.9891409238705,23184.166666666668,-384.3455074233463,3792.596079434965,4.058766432655212,735.3911764705882,458.1153594771241,12385868.001111109,2125.318188338781,212.34121111111114,1115.225475548516,210.30777183600716,2900.009612933529,211.43545089448702,212.94601307189544,26472.199999999997,26472.199999999997,26472.199999999997,2.5928344815007063,2.617762286648158,0.13544044563750784,51329.87738965142,4932.690868745002,2.8668907826648375,2296.287067441278,3150.8251085143465,2780.2263829096223,103201.55985574861,2153.3829976371676,882.7689641787855,2753.924146779292,3084.331514278029,4994.962375138513,1177.3873357545938,2.3042049845728485,4548.379037190787,1504.702402844517,62393.99027485802,-0.06570134222681705,644.0599089471837,469.3999999999999,1865.6272010236628,11365572.685923059,35841.625484214695,553.6021562558439,7260.367161770542,5051730.898126065,4.100950413223142,-0.04112370930183992,2711.049207504725,608.7900942658839,225.53985507246378,1.2080316146144625,607.1941344774702,49325.650958432816,222.09378865342637,575.7655532502156,3274.496052511316,3205.8837341802905
52,-0.07596097357077003,0.1212650573956584,3973.4145327062756,18087.033333333333,-376.32738716039273,1828.0674694254053,3.9895897204388384,589.9712418300653,394.2030897207368,8645397.005833333,1140.0471894496452,163.34441111111113,1336.8833880473264,160.51397504456327,620.6907487356476,160.85630887185104,164.00565359477127,21626.95,21626.949999999997,21626.95,2.838578001906035,2.784970609474888,0.03260182912698239,36767.63926203703,3571.164738496295,3.3393338027115416,200.5630153719172,2523.0161858158754,1334.5304579027081,34718.76307723548,1308.6847019519519,1400.240726069674,983.3618667959992,1120.2342811667947,3335.2134301778647,1652.721651021925,2.2147913043456424,1957.0493991959993,1975.8727535915284,38567.57275268766,-0.01855344493949773,1512.8848306128184,468.1066666666666,1207.6159850827023,8137965.535875767,23529.943554684094,559.4834549408741,1716.964032266939,3058204.444716989,1.9011796982167348,-0.060052075292560514,646.2055487662471,485.8274334276584,152.55942028985507,1.417952338198503,2536.195348693564,35216.36509311295,187.6602384446768,461.0990249740688,2907.03250146228,1245.3109453353513
53,0.0393457506548993,0.25351983753974694,923.3977875966675,14537.7,-313.7957259746252,885.790445137063,3.856753340159379,492.25701754385966,348.37665317139,6700475.8775,824.1461909171633,162.51945045045045,2062.983495162898,167.7837112010796,1302.2660035229515,169.18751943717527,165.89488847117792,20642.416666666668,20642.416666666668,20642.416666666668,1.6212584042025582,1.6617900416394593,0.062349739521269994,27199.639138817583,4546.885707499289,1.961663262501157,1631.1429329004961,1929.2384104730147,4950.22005031818,90977.08672995021,1628.979912620423,840.2555250000953,585.7361307189589,1228.2615373943822,1161.9461439932268,123.5588962593092,1.291635916753676,1606.9471978097522,1980.0333778138088,29515.518711558674,0.17939161878643567,4294.753592615551,357.08666666666676,563.4650516998319,6179507.778093468,16487.089135807466,572.946667810476,1855.1382540028237,1747273.9730705072,3.4819821673525384,-0.03908621222253332,440.8721297051836,388.4170620600754,159.24678362573098,0.9044134537682855,1003.6267847362035,23646.075760022373,153.77280565829048,373.1554308539663,2246.0445858821868,1289.2450834791139
54,0.16118798218589464,0.35045153965488923,3162.5665574159193,14812.366666666665,-229.0686465172517,1976.656813848393,8.642377782252154,530.7287220026351,405.26010101010104,4521031.253611111,1297.8628612847845,139.7072333333333,1349.409278981527,155.09077777777776,1036.5308325649246,156.6304867681338,153.14266139657445,16773.983333333334,16773.983333333334,16773.983333333334,7.600238247980269,7.6147047033911965,0.06807556653462424,25223.260722639436,989.8825113780125,8.13798696311601,1371.4555964516328,1854.3602113217737,7857.974250315866,41138.78754538163,741.7091518259083,2281.0704333831045,1896.4659902158633,1281.4892631347734,827.9775556741184,1640.6496395090026,7.1541431019847215,1266.7348150852592,2264.7640737957922,22851.82317347223,0.2072425196809899,6562.135209951296,275.66666666666663,1065.5664103129643,1892738.224954001,20766.384189225588,600.3949173335365,2984.782406656796,665882.692657,0.07085427897967284,0.09910884079615803,1250.7532349540438,273.09696566457217,143.31846153846152,6.46632825491782,290.46000290901554,14736.78427536157,121.39515754494316,268.27564081935316,2319.9196990295322,2876.731256589613
