,"activity__fft_coefficient__attr_""abs""__coeff_40","activity__fft_coefficient__attr_""abs""__coeff_85","activity__fft_coefficient__attr_""abs""__coeff_19",activity__abs_energy,"activity__fft_coefficient__attr_""abs""__coeff_70","activity__agg_linear_trend__attr_""intercept""__chunk_len_50__f_agg_""var""",activity__lempel_ziv_complexity__bins_2,"activity__agg_linear_trend__attr_""intercept""__chunk_len_10__f_agg_""var""",activity__cid_ce__normalize_False,"activity__fft_coefficient__attr_""abs""__coeff_24","activity__fft_coefficient__attr_""abs""__coeff_88","activity__fft_coefficient__attr_""abs""__coeff_63","activity__fft_coefficient__attr_""abs""__coeff_58","activity__fft_coefficient__attr_""abs""__coeff_35",activity__partial_autocorrelation__lag_1,activity__autocorrelation__lag_1,"activity__agg_linear_trend__attr_""intercept""__chunk_len_5__f_agg_""min""",activity__sum_of_reoccurring_data_points,"activity__agg_linear_trend__attr_""intercept""__chunk_len_5__f_agg_""var""","activity__fft_coefficient__attr_""abs""__coeff_65","activity__fft_coefficient__attr_""abs""__coeff_22",activity__sum_of_reoccurring_values,"activity__fft_coefficient__attr_""abs""__coeff_20","activity__agg_linear_trend__attr_""intercept""__chunk_len_5__f_agg_""mean""","activity__agg_linear_trend__attr_""intercept""__chunk_len_50__f_agg_""mean""","activity__agg_linear_trend__attr_""intercept""__chunk_len_10__f_agg_""mean""","activity__linear_trend__attr_""intercept""","activity__fft_coefficient__attr_""abs""__coeff_93","activity__fft_coefficient__attr_""abs""__coeff_51",activity__lempel_ziv_complexity__bins_3,"activity__fft_coefficient__attr_""abs""__coeff_36","activity__fft_coefficient__attr_""real""__coeff_0","activity__fft_coefficient__attr_""abs""__coeff_0",activity__sum_values,activity__autocorrelation__lag_3,"activity__fft_coefficient__attr_""abs""__coeff_3","activity__fft_coefficient__attr_""abs""__coeff_38","activity__fft_coefficient__attr_""abs""__coeff_69","activity__fft_coefficient__attr_""abs""__coeff_49","activity__agg_linear_trend__attr_""intercept""__chunk_len_5__f_agg_""max""","activity__fft_coefficient__attr_""abs""__coeff_42","activity__agg_linear_trend__attr_""intercept""__chunk_len_10__f_agg_""max""","activity__fft_coefficient__attr_""abs""__coeff_62","activity__fft_coefficient__attr_""abs""__coeff_97","activity__agg_linear_trend__attr_""intercept""__chunk_len_50__f_agg_""max""","activity__fft_coefficient__attr_""abs""__coeff_34","activity__fft_coefficient__attr_""abs""__coeff_12"
0,27441.296474934734,42706.95773624072,22139.133760740773,141583198.0,20070.337753162792,15264.474668030827,0.07793560606060607,10895.992542555403,11224.684583541757,10017.374446938302,24344.731931959464,12596.845319044054,23543.312777527724,8380.358853539119,0.5201368446618903,0.5201368446618909,6.597332171693269,312728.0,7963.3152095971545,25992.729559075648,33614.78106346943,33210.0,23986.02582840439,43.52796827718739,43.610733457347855,43.52104351222729,43.532759072114956,27696.284579593987,16620.22624914674,0.07916666666666666,17347.043812098385,329494.0,329494.0,329494.0,0.29902114097823634,25837.435953033924,16686.43357229352,17297.652833880275,27211.52791252964,115.31591724748671,27052.392843060064,176.47301718700726,19414.26041127498,36458.53782197585,488.2606962529896,20224.374510628546,13009.689945672619
1,24854.65391392246,11591.900656436388,28785.42840740284,202596014.0,27532.13304105576,14909.78688574184,0.09414141414141414,12366.855994862855,12574.974473135124,12738.125975727751,20478.889838857358,24319.22176113308,5192.107159150175,9724.46068078843,0.48937563850371624,0.4893756385037118,13.924559578623182,684380.0,9936.550899158165,5384.970330066844,55815.523884482165,28666.0,49984.097642418936,82.08907632610811,82.0487569158926,82.08276141842236,82.0950542695922,22197.675634427625,13751.031639846342,0.09767676767676768,16360.71602857774,687626.0,687626.0,687626.0,0.2785175465085745,23416.360795396136,4729.474668529036,14370.581443017689,23621.992250148054,204.8191037074429,31844.262603352363,297.1314354442508,34869.14392463648,11710.73448706614,580.6615400233491,18341.980133273126,98468.67713222721
2,31267.643759734947,48239.90215921286,14393.060864390942,342652964.0,23900.638746252607,33241.78325175372,0.08353535353535353,22022.123441763753,15195.672015412809,23825.974381273165,33523.34253281993,42185.65986053865,19791.421576450866,44189.017873011355,0.6254917576724108,0.6254917576724215,8.692999658370683,561956.0,17322.95574886676,24719.317649819797,62862.79823482099,50344.0,72386.35443375801,65.00974530769584,64.97900106593575,65.00188239611045,65.01318697529787,22988.50417630252,32530.27680002024,0.08525252525252525,49948.552740384606,583728.0,583728.0,583728.0,0.3801334554652176,44559.29504621145,43742.40528015302,62108.56477660668,10488.977466577951,164.43789484955562,20776.976817931132,247.62880673536577,45593.7691846069,19432.308706029584,622.4534795188061,27172.533604525066,43771.847806572296
3,56116.6199401423,26492.329537290116,121991.39674673413,864963592.0,96852.33302577015,32738.685365413206,0.02547699214365881,19810.050318282218,18551.459861692827,109756.46481477113,83108.30899012882,81034.53556513593,35611.33838356266,119323.206521384,0.775646972107822,0.7756469721078335,44.75998004039145,1304510.0,14301.504674571805,50746.853862253476,73210.00518772576,68383.0,65243.73892383982,118.23848502163602,118.19882665915529,118.22697196933504,118.24836081922291,49123.76793397863,86660.34789908325,0.026767676767676767,155517.58447712497,1322132.0,1322132.0,1322132.0,0.617686340097185,152592.57958675286,61938.158061744674,45664.25731868228,19833.100306197277,237.7112212982246,24080.3107763976,327.7294481551353,86674.6942139858,120311.18897779498,686.4518254229066,110120.50794690901,27423.78966756117
4,35621.97869540972,17559.149488844098,13480.179393536822,150625128.0,24077.351568359343,19090.145837713164,0.05,10429.61855704508,9043.30111187281,29989.540427445518,22658.3298601113,13263.137929478082,19971.82946732333,28496.858724844602,0.7165173912954641,0.7165173912954605,9.90782173154912,264954.0,6967.0429878932355,5172.53552323044,8282.287739906518,38992.0,51860.68875214996,42.236804023972724,42.17888822474596,42.22884083334041,42.244095133077536,13256.012138959031,24722.01699080981,0.051515151515151514,61290.91041815791,275974.0,275974.0,275974.0,0.44168684727340446,42002.29038013984,30021.60922623691,26097.593156146442,52584.9523511653,99.09463446695253,24945.407789736775,148.21828319641608,40184.97988694277,14867.322371973105,478.99743328293664,16139.64466252801,32282.10458120618
5,27758.17249321561,23679.41632427671,17108.90623280908,96746555.0,16838.74892175644,5953.236478661725,0.07987012987012987,4310.089647782847,8867.75360505692,19268.92788811665,10079.866335342878,8888.111772313816,16578.547399730272,4034.2462194986642,0.5747367159699242,0.5747367159699157,2.1191863391701142,181887.0,2571.6408192564604,12507.319030445622,15739.765254527592,29008.0,16779.042965174074,16.77661319210806,16.86391368788143,16.77734222534222,16.77440451010952,9358.59818056602,14147.08849722005,0.0804112554112554,12971.772630269948,199377.0,199377.0,199377.0,0.26316030178296074,33508.29443319275,9986.532911888346,18244.33323430245,9143.424311792836,49.99954403807838,63405.6426677615,81.25470925470925,11692.718776942282,11300.492873906167,231.67776809067132,8001.473106523603,23364.179786713812
6,34789.66204865101,40033.698589098094,28778.416423754534,376871659.0,29808.94774877109,14864.723329902032,0.07363636363636364,9915.467928834256,13836.430428401683,46475.64411236323,6090.464136613214,54132.59297434898,139837.74643431403,28339.239807093676,0.712843485904749,0.7128434859047462,20.92758937175898,640919.0,6467.699874912683,38254.650492194356,59273.473275775665,42417.0,10580.320157776674,65.11933887078763,65.18697731079642,65.12125187291687,65.11965555973838,20864.734718149837,11911.45315691453,0.07404040404040405,80049.34947830882,656979.0,656979.0,656979.0,0.529795571192367,50853.94937629016,41938.90113489532,15524.79051118213,3289.3119255972324,138.4010814862405,60681.323205260145,204.48011905125932,56463.600015791635,24445.581485378574,427.4801279122887,15620.045510695552,78991.46198150638
7,128061.93246515698,86516.96169285935,229508.56099184154,1280937101.0,88147.67736915615,63969.27371206514,0.06019283746556474,37501.64871477081,21644.552802033126,174512.05553747775,217328.03939904264,56289.68495529726,103188.37097796879,121856.87695144216,0.7867528350605343,0.7867528350605351,88.04504321892054,1616093.0,27396.21694411175,94741.18385433864,1102435.2150945447,79622.0,83195.47859324365,191.1695798542458,191.05089158781715,191.14095411981287,191.1918981780543,47506.415073257805,136967.15395057818,0.06260330578512396,155962.0521983993,1624895.0,1624895.0,1624895.0,0.6362131257872154,286568.31818326487,65148.02564150456,155179.52801829795,127751.00891396235,353.3674139296264,62891.480647404635,474.3518985133826,110924.39802397562,36632.981032127864,983.200254201384,174931.43079367952,144139.937738123
8,80110.30904890457,32544.094404771422,49752.00118274486,836342406.0,45653.830837265814,32189.396539322872,0.049595959595959596,15526.701876362005,16977.048536185554,87132.62085307235,35678.61178038259,33862.319351671664,62200.16982255307,30998.971031024503,0.7851228645246531,0.7851228645246533,39.85966275577583,1271629.0,10849.823411867286,109575.34858316857,152862.3583469414,55880.0,41625.055446389226,88.07179895879544,88.2508471651185,88.09595123790888,88.05636649292646,49035.1046134317,24504.770940886552,0.05191919191919192,44654.5070659532,1281394.0,1281394.0,1281394.0,0.6455597283200367,147383.11839877864,98691.27110663989,30015.666350393913,46149.63208290579,165.6840540692131,24079.78480185166,231.1201133433222,110251.23522915544,8260.780226949464,507.30643114562713,68937.58660109468,202702.46044111752
9,107596.9280207234,65841.94976919051,197113.88644894632,1355705069.0,17349.08501556632,50263.25675494646,0.07262626262626262,33865.72714898735,22324.83298929692,176791.42528768652,111725.97691009575,89848.6111687374,49395.61034468669,162605.23864862634,0.7730088869595559,0.773008886959556,62.15196028941611,1545526.0,26022.667291960486,56003.35576113538,81676.5685620582,78393.0,374031.52459379483,177.5285275776442,177.48343434343434,177.51473116635577,177.53339250499133,16714.163262221697,82020.30865258539,0.07323232323232323,107452.98550126023,1596439.0,1596439.0,1596439.0,0.6190075585291074,332290.5887366466,142080.71475253615,120324.74936362119,97640.31532298913,353.10705388055214,161890.18081844295,472.2921689141669,121927.6220855926,92403.68455877663,887.7782853662251,149439.94333936542,115145.810684537
10,52085.14193422302,26730.077279774938,32333.464997939773,378044413.0,21100.74086072281,25581.24631945586,0.08464646464646465,16269.817233220194,14875.543519481902,12593.974229087584,24106.25510237305,58312.708337991375,35775.70548473969,22661.843694448617,0.6630479150831624,0.6630479150831701,16.78713995074419,688486.0,11773.282245983308,44458.795273025295,53273.72714942186,50764.0,68848.07130405062,77.3691814663546,77.28543018120907,77.3617386784087,77.37494076202893,92577.81761675357,74810.75970234883,0.08595959595959596,62840.4801232185,701715.0,701715.0,701715.0,0.43739890054761904,13061.785485279643,32181.00320957139,39410.059341553984,9717.963948785375,177.0441517649998,57791.45681231076,258.0444036734652,18872.752772615717,46110.65456619268,581.5304806862596,41788.818173883206,57385.83865596048
11,47028.55341464431,40516.76027581109,21528.30611230202,758742508.0,58928.94578682736,61998.955015968735,0.08474747474747475,38946.562776626,17855.384986048328,71498.22036721834,102147.60557877173,49635.28520847996,13019.729227526932,27255.843205305155,0.7584595575893798,0.7584595575893613,50.475637240654905,971059.0,25397.588464187564,39068.41240114545,96232.76912976698,74687.0,84330.823994056,138.73984835737485,138.54416121009086,138.71240395886207,138.7555823460338,29459.36634515623,10799.16496836068,0.09,42266.28112579459,983408.0,983408.0,983408.0,0.5815206560055024,40785.519758746,50963.9867779868,131456.23492553429,59932.11869264321,278.94384327882557,65850.95216539713,382.6272166671763,22549.7176117379,44095.165406254535,838.0775595147455,20792.28215416158,33464.38259670613
12,63332.01967939907,40304.431066648285,56905.48755750906,557303959.0,40182.560682900126,34128.13784124664,0.07393939393939394,21952.720322335364,16174.479682512201,147741.71739589275,11320.214909654227,63969.980075128,48374.452153777405,76613.9021166678,0.734546009856759,0.73454600985676,43.3286198685492,780203.0,15439.453473493135,57547.858849490556,71609.97494068118,64326.0,100839.55496585317,108.56213737577696,108.38557433632812,108.55397934949903,108.57449081257988,57525.692481171915,57564.903089502106,0.07494949494949495,86332.0463121497,795581.0,795581.0,795581.0,0.500115567765341,30876.18299422708,45908.93724680256,19177.425642489077,68097.55464869524,205.50096726987186,112751.69387954907,284.97308096097197,24843.24758930738,66531.7664660541,649.9363991675549,62907.67604627644,98468.03264654012
13,51318.61290569111,66751.04555680949,85355.47674002407,1031217766.0,52390.67944358067,75883.98669630983,0.07878787878787878,51035.7393026124,21794.399762324265,92869.50041580846,49228.961168150585,12492.454470112558,47921.98492385699,17702.412541373695,0.7287962089385798,0.7287962089385833,85.11617895257473,1229196.0,38093.74160133388,72648.89928951823,95178.12464397428,72572.0,111759.18220839273,214.59505341144916,214.245382467895,214.54873824012066,214.632233189383,58660.27191146281,50272.50906517932,0.0803030303030303,29572.331360816817,1241300.0,1241300.0,1241300.0,0.5880450222680116,56798.37160082035,99253.93079652784,102889.19825291983,34262.8516495142,418.19279417088603,88497.49368016573,562.0062073815858,60396.8225028906,76674.33621832181,1085.3049083802853,141869.3581486998,206384.37732001694
14,185736.51197749504,65837.04780285526,94111.57201813863,860932926.0,53141.45050358079,81621.40613859388,0.0796037296037296,44768.231564485184,17623.280767212444,180809.05446820878,91875.51343590503,136238.12220869912,115357.76551252941,120503.27019832471,0.8013876409898096,0.8013876409898075,59.803379885499844,797740.0,31953.31155196968,160428.98209931346,129421.7214319617,92574.0,102169.20091745532,154.44365015687092,153.77179056324775,154.40764156293847,154.47219769703165,68131.00558252783,88878.42805924956,0.08135198135198135,168682.48791077052,825346.0,825346.0,825346.0,0.6620651598531602,323075.3616056775,81566.98824619278,61647.59245400036,139695.96117426554,311.2485768938885,147372.49720477697,428.3740593903574,68822.53158283609,57974.42038622486,951.8577765828741,72702.12482168165,135535.19292826863
15,67440.81009897248,25919.558270355712,83433.76910209867,467021228.0,80261.43438890102,33425.75429651264,0.0920995670995671,22288.772422791626,15978.78434049349,67496.10043857749,21308.553951595557,39036.00569693121,38072.2640843046,101048.47042783872,0.6689617818208412,0.668961781820842,36.47543132007708,858880.0,17575.705901493493,35595.064237925486,48245.89345097003,58811.0,93939.81201271615,116.53943596515255,116.45415344376636,116.52617994617997,116.55161064632442,39914.67227447331,17014.73075720381,0.09458874458874458,66333.1964598719,867566.0,867566.0,867566.0,0.42781837765945097,42391.063781861754,70727.87200716705,41136.85925933819,59323.270575757975,238.40198457572714,110559.02302112036,319.0161928161928,37412.73517273591,29126.71058862887,608.6517872711421,50918.93157686755,101096.98028587336
16,15580.895642194864,24226.92389872742,53099.57717662822,538146831.0,11610.32966032117,42479.23695774648,0.07234848484848484,23773.120347359596,14505.974872444802,58660.173596649794,46879.212624000465,12168.238615734865,24068.41103741105,34386.10813707157,0.7759449610199497,0.7759449610199504,31.639397255804617,843669.0,15748.263478789315,46611.26957308343,24695.29914354505,55124.0,68929.0496846601,104.23185968176799,104.5987509965453,104.21496265875405,104.24071698903629,95645.28908205933,24408.4516131574,0.07632575757575757,73542.25437064725,851705.0,851705.0,851705.0,0.587974687766675,127363.01551130848,95781.28885334032,17752.96830022636,32097.03880034319,214.61510813291457,44629.08607087737,302.83002028324876,49460.98047845086,26227.29818524699,699.7294711666225,29074.45084807649,58000.88705408562
17,62617.09341464585,45804.13755636448,17082.549715978017,327977744.0,40537.280758597946,34477.669967737675,0.07444444444444444,23788.643503429856,13184.22599169174,21474.306351135456,37032.00937696952,34105.090955792235,61593.88286850436,26148.876530800528,0.6865513497645357,0.6865513497645247,36.80202632075424,690544.0,17165.55492402062,15742.658622982713,19025.234695031108,41507.0,38549.69654585487,118.15021043346133,117.92939647733618,118.12937059800834,118.16827209576832,20105.58897136217,36202.035351056504,0.07404040404040405,27013.41909869858,707228.0,707228.0,707228.0,0.470085021087066,73872.66120998962,50970.5026362712,9043.700572068557,62172.16032255395,239.26262779230976,31899.49261558091,330.0781742755506,36597.581911395864,18796.03112216476,685.5609867519415,60761.86726730786,73146.9645433514
18,162308.1660879828,46725.35611103878,138266.64530355413,882183264.0,93439.35551375178,51805.99180603589,0.07095959595959596,36864.99544497399,20569.056176694157,110317.44857696806,26984.352876161236,165592.7683604404,48597.65887980307,104637.55225907466,0.7081143072247965,0.7081143072247973,52.29703499728741,1355472.0,27723.295355320133,74579.79663861923,83081.10845802168,61354.0,117443.80368136831,169.1090134269352,168.71752188741607,169.08734414512378,169.12735593173267,39788.46788951311,131603.63531126545,0.07432659932659932,50011.25241882744,1368146.0,1368146.0,1368146.0,0.48520270641646274,259312.6154109871,53012.36660975013,61955.89856564878,74654.34395958153,355.58313644083523,5927.887730932284,489.4245879031413,64227.66772606816,101272.27258412467,956.8273267465981,102566.69886905896,76276.30054776605
19,52526.21018183182,22443.823199418985,99097.39881155234,294285946.0,53197.07803636013,25628.90823074971,0.07232323232323232,15285.283458785636,11250.46425708735,43466.65373837726,7812.717958006774,38158.14881861008,86360.80801546502,16189.934102844503,0.7514939447643587,0.7514939447643535,29.443328795272258,611312.0,10001.137402862547,22345.93553334959,56177.892407796695,39504.0,80343.96897673978,79.53174623570384,79.44897314857113,79.5264155174347,79.5382982027119,20383.25692346077,69332.46425737129,0.07464646464646464,47993.104652139846,626762.0,626762.0,626762.0,0.5156309771805074,76644.90263252826,21235.95521452374,15941.3881038612,31739.663831168018,163.20666789041348,24327.874228728866,235.1489669653141,37207.16846502015,32662.702379038008,546.8991929343688,4333.545327313149,47994.94888692162
20,81791.92612738603,51156.35456985791,120683.37330937947,407685685.0,40561.40045880529,34714.75214190142,0.08242424242424243,20560.003475562895,13436.30782618499,56163.38436567631,21696.92688655605,74748.61509519037,23003.791595174123,47257.59400154806,0.7516373265755598,0.7516373265755691,31.144496963578234,648158.0,13713.19594862303,50496.12381576487,45647.16957261249,59532.0,109847.54340562607,90.83050158322244,90.71009288868585,90.81862092162797,90.84174564552708,64246.7887410495,24571.68907661443,0.08383838383838384,48961.68683370497,662535.0,662535.0,662535.0,0.591242987211096,80109.94397881068,69256.45634981323,59005.61545227218,76046.68924627024,189.63679245764052,59442.454434160405,274.5306913738801,33949.19414990878,43381.3956930916,587.6935688543729,73719.2027359163,83052.1601012039
21,66963.54274583634,23919.180083383337,37232.12680580339,420951405.0,19743.3430734334,28920.090148652696,0.04973876698014629,16103.381977262496,14197.096569369387,25050.133122201445,25525.72927206382,62019.56561035111,264677.2272178648,79919.0362784094,0.7472174113298263,0.7472174113298286,22.571108187448097,641248.0,10773.133193368649,38722.74203478549,14075.379737055864,55602.0,52269.22320602876,73.37803492185387,73.185950758812,73.36688760295854,73.3860201506316,81926.5900399625,8429.661215087102,0.051619644723093,35167.163563506605,653771.0,653771.0,653771.0,0.5908958775009681,67118.93291765,30901.503404486666,62674.80678256428,69879.89701137698,158.2330557399901,106785.7230482396,228.46214644873152,14433.89449414477,71008.67885126127,548.8674118798956,53237.883588603036,102247.86274764982
22,7621.785249268194,23700.994706539324,32093.724944041238,194663895.0,5869.352641622677,9660.015575656058,0.08171717171717172,5673.847451895341,10997.17895644151,14154.09639064615,34927.965647040495,12511.024392923671,13950.669130364618,36318.339456363276,0.6442098348682719,0.6442098348682811,11.605887751824147,477269.0,4114.685898785941,20904.082825779868,42689.35956868931,32828.0,33445.23329375432,54.07139502037029,54.01800314704837,54.0687584217554,54.073315357391714,6818.33764238354,44699.099704899236,0.08232323232323233,54694.11809143748,494015.0,494015.0,494015.0,0.3944405834312233,34093.36644363003,37958.26680257029,28063.838926668435,12226.495161717492,130.5456809386138,34234.31274798104,191.32431479273055,44261.86556379067,20409.446028783084,437.6650423836353,41777.16841693622,51460.07879745271
23,104654.26288936246,19581.73980223599,136673.66232570115,878175458.0,115747.62244641574,55056.024691858765,0.04042194092827004,32434.329778971285,19069.086160589868,87632.60492526734,41653.0828998571,134494.01682878772,104374.33101966679,458674.0645457656,0.7785783673395896,0.7785783673395895,61.754385257610025,1122560.0,22678.642993582333,187211.12777358768,208796.11411697147,68278.0,146935.05107535963,135.48906456559487,135.31141461248058,135.4709337689771,135.50432234784378,89810.15067321822,27842.258839978593,0.0410126582278481,485020.6988418504,1157428.0,1157428.0,1157428.0,0.631939597524524,141493.5811529982,56137.905519706415,89028.39909239869,99948.65243197803,259.6302312976753,233729.27682153042,357.00289824123064,143861.2492534582,71924.7382127073,771.365391960915,284970.09461779584,233775.94438604705
24,97486.20587276071,91954.52703995876,177739.92007594978,979256768.0,41555.51993742861,59614.77425183087,0.06087344028520499,39117.255339212665,20637.145539051664,132951.10068989673,98946.3784436468,29131.67824760759,103932.59343363617,97542.34705995985,0.7414762507690346,0.7414762507690332,51.56556102092588,1305212.0,28895.456001238636,119979.83114639542,161906.15644328782,67450.0,186163.9635014379,161.05527244143252,161.2655575221239,161.03541649801667,161.0703163043701,27464.89900409005,125663.47825968894,0.06096256684491978,140914.76220008146,1321716.0,1321716.0,1321716.0,0.6090508338733935,183890.3688079006,141176.69342346743,187028.62142693496,74733.02628984753,325.7779918932546,117201.08797078126,440.9088924973373,46670.07159869868,54155.40552932726,919.5317994100294,141121.72047721458,153227.35455939238
25,186989.5988416728,30478.739068062252,428360.0733431152,1046935429.0,69379.09913852929,83045.57844428712,0.057655502392344495,48832.38679363567,18581.714856277395,210909.9467832954,39778.0427472106,92084.55074997823,143588.13812878067,66298.69456108093,0.8130573717733445,0.8130573717733454,80.76074330178503,1237391.0,30119.828378933133,123333.11281587479,261140.66369596118,80490.0,278236.40510397597,188.90470465812706,188.60693748814265,188.86998697395427,188.93318002438443,106431.3158058907,138468.88415283375,0.06108452950558214,146265.95019140572,1245557.0,1245557.0,1245557.0,0.6209848613462459,256478.15945693024,327647.3494781658,68681.95963014524,47658.71946889882,342.8789992391028,115755.07255061438,458.82549419546694,200747.58484872268,37065.02114257399,929.2344906089926,69421.27883117438,95396.79423826872
26,56635.786072694194,153493.39903863138,302627.1890378597,2501904191.0,102455.33328560072,63444.85614396507,0.06639118457300275,32949.49422045962,28389.790964359003,165519.8694199122,350964.84016565245,171626.0812363395,130653.44405109674,243698.83965582837,0.8048451290735801,0.8048451290735814,35.21247303262637,2491058.0,24572.399366685157,75849.8987438242,1515519.5937645277,78101.0,378181.6597958205,116.94561902865296,116.93617685825919,116.96784035689436,116.9305864044531,145455.42139405577,126729.31415714248,0.07190082644628099,236343.17137395122,2502881.0,2502881.0,2502881.0,0.6644308222299126,510272.9844041153,26637.27304385609,70704.12452050847,52591.69594346391,240.87144255890146,128389.82098512033,335.2752090763102,123906.13125886592,145776.7490681905,729.3981782234148,116338.23690169127,270938.3439139547
27,161606.41631092958,63190.29498189473,191195.9435357741,1083239902.0,229170.3030899907,60927.51361972414,0.05895316804407714,38892.943463907664,19292.594615551327,129117.80232305586,328621.71377458534,51328.39134750146,39995.2278296636,134764.4782048268,0.8099935666033465,0.8099935666033394,74.03146233102422,1203234.0,27286.42107717766,204631.80992879937,949622.0809622444,63969.0,149477.74721569841,169.91701303442815,169.55923786659136,169.8902019001249,169.94115402922682,106567.3932882516,114095.38937869409,0.059159779614325066,38752.29955856693,1229114.0,1229114.0,1229114.0,0.6692093053121283,142293.7149605309,77119.00011749913,109209.11293133415,65214.1465643595,318.0989974063906,68989.90404701207,432.5022969480831,111226.10076629407,83744.7341948389,919.7681824601045,35290.27759535138,82142.02647779437
28,146309.83327084064,61236.70393704865,419895.59577744146,1953635772.0,80740.61777801593,119690.36471659606,0.047382920110192836,71040.60931537105,24579.898677577985,302927.0495983698,109941.78012958715,87792.01674253507,101730.17734819853,246230.761538033,0.8028596495813733,0.802859649581372,154.939434242282,2465211.0,49167.93109841016,92693.01224044502,320702.1209698849,80260.0,304728.599899146,353.83716784493345,353.1340971143436,353.774556109806,353.88856511221616,48133.546351273835,41014.19082669627,0.05220385674931129,171402.4131084316,2472394.0,2472394.0,2472394.0,0.6558532831150747,396409.2621777465,32549.035120590524,66680.77133239864,150499.37690851255,619.2706898431979,73843.86982478185,796.9860599993553,137514.81086372555,243041.16026397885,1420.2065621616532,306945.70134544815,194475.5081378434
29,89401.40829418533,101168.46034328993,198502.91440630937,973525857.0,57527.05899058578,62722.94733784071,0.014343434343434344,39935.04077411858,21408.392046111265,82618.76912117083,90468.502375171,147910.61027362515,142874.0918601771,21363.422877623558,0.7245429426257977,0.7245429426257951,44.06239171115496,1164184.0,27705.6576558518,86629.70043175737,20125.90430202506,73784.0,141784.72377344954,124.00535593185771,123.94619054870309,124.00653558796847,124.00967277052925,47637.849587289,87081.93727532419,0.014444444444444444,70176.73527485941,1184299.0,1184299.0,1184299.0,0.5611804028205613,138630.1083947273,61040.74470492072,111415.9644155437,167806.54296502704,263.2034642232522,72531.25601284337,385.33443211122324,38096.09356924675,47908.20361876086,886.7251408557942,64758.51943929163,91720.10771123783
30,29550.811255691788,73953.95509915557,144144.77516691206,613904474.0,62209.58855739032,27686.780431754734,0.07383838383838384,18681.034764945114,15626.351141581326,51220.04938440303,33026.02095118454,113536.00890352562,145729.2070751009,148897.5772967794,0.7555446298277257,0.7555446298277239,44.79301495520577,1061228.0,13507.58978318266,36186.91969831777,14232.933730390296,51873.0,126427.04166771044,120.73438514371375,120.69769757880313,120.72374705684494,120.74012315866473,33858.33350625006,40928.58335069453,0.08151515151515151,47731.699384186875,1065108.0,1065108.0,1065108.0,0.5933223180920516,168192.36412790028,56826.46781504371,66775.09847639395,75821.37313594784,239.07618537724545,64847.10754225901,324.1901476928722,92918.91120330537,42356.811527531296,588.982589716258,31463.35722221629,120886.7908986448
31,237797.65083133717,204304.6442897087,245152.70196791014,2712640914.0,108223.13135234921,239256.7852109233,0.06898989898989899,117885.9522499057,28744.583368001702,185132.0044718455,115056.98671998104,190264.83066145994,123914.60419076904,35113.11045718454,0.8195053879135913,0.8195053879135915,131.2499864877957,2005899.0,68342.19749197172,41661.835057430006,291295.39403737057,136300.0,72731.82098034615,269.6570107944666,269.3664575402264,269.6177747199543,269.6831848838858,76226.32863834672,122705.03242393649,0.0702020202020202,208750.51639222563,2050460.0,2050460.0,2050460.0,0.6704913614432142,319932.088698717,88580.78632127254,70220.38372935535,37113.50405543524,461.0887843605158,133576.35937672821,599.3959167864315,100743.8931794803,148735.20709587482,1210.5125628140704,180458.041421558,220647.14007893656
32,273299.553102114,147783.75869812345,134295.12196587722,1340271249.0,109437.78918236824,79407.13936313892,0.06434343434343434,37420.88648376806,20817.667712786657,95671.74085625801,62168.74120704769,184883.04554739542,117854.11899448579,193369.57770943033,0.8083465266195057,0.8083465266195123,91.58048735716581,1420980.0,27237.379207032463,94112.59242381975,46460.79178986922,79985.0,195814.80782202748,187.5850497911982,187.37167961017207,187.55880011008165,187.60281079658313,128567.24112030174,101821.84742466862,0.0691919191919192,173782.50079613476,1441101.0,1441101.0,1441101.0,0.6801022574062356,140302.1612280506,90859.7583112062,32095.15304474944,109917.18152959122,328.1743247722046,135095.25244681354,418.53027958699,68391.12650999351,173600.34589999143,860.8180295416477,47017.01802559483,158487.48567720197
33,99443.20299387112,99043.39211009872,189844.00567842938,1449535476.0,135690.43619391698,105374.69613272842,0.05059288537549407,66634.61964993265,23143.161408934604,253677.57326756092,115122.8395930928,151794.2840590949,167278.1128480308,104420.43157652098,0.7882500005474475,0.7882500005474923,125.87422860695256,1673040.0,47317.8856147913,152179.4939759847,450180.89248726686,85047.0,148069.99108955648,281.93979123528305,281.27036051193556,281.8806879222427,281.98417127226935,90381.22469406185,39295.73894780254,0.05540184453227932,31399.784143467354,1676042.0,1676042.0,1676042.0,0.6136619316867596,442648.89753754233,173168.42224894918,54163.83581834115,134920.22748386243,497.7401713951298,48129.57566445835,657.7582982702197,47097.76483896085,42231.660031237814,1257.6017687661777,147362.67779244288,110181.36115630117
34,199798.01071680026,128383.18884677447,146509.72874460486,1128768401.0,46572.565971336626,59977.38296821481,0.06777777777777778,38010.452299442455,20152.212384748233,91019.50870266398,129628.96576744835,106950.33580170064,95473.27655758659,104383.76621911222,0.7940193477825263,0.7940193477825271,32.42583074561873,1168243.0,25370.705473962233,70444.10821873143,270677.0927554597,82693.0,187949.34132557557,102.83904272406039,102.92681589767015,102.8456600311898,102.83166169318679,94207.4021561872,65133.83313288284,0.0701010101010101,87954.81152408017,1191063.0,1191063.0,1191063.0,0.5913786775479085,231677.75508439925,182747.02855931647,93176.80015114922,111910.21762447969,216.93574411454273,217690.9447297789,311.90881774353016,125722.2390394811,85611.70664901467,742.6902187706208,119002.194342676,107464.9764036177
35,95631.52060018427,98529.13276703349,52818.873814487364,1844700728.0,141036.2832053146,64028.65236646906,0.06569264069264069,38195.93072612612,24290.899530482606,213947.12086572338,48725.287367422265,71459.46844293083,155319.67553250951,97350.85112613828,0.7985173808303327,0.7985173808303242,70.69301236891826,1867076.0,26320.320511847993,99450.99700852606,63562.52665576578,82185.0,59255.83665416502,172.42190642420496,171.8344149956408,172.42511735111734,172.40785683133373,40364.75623883485,112805.30693154532,0.07380952380952381,59626.170808774594,1876174.0,1876174.0,1876174.0,0.6153540373309301,83948.90765899165,82361.18175628924,39254.63308621252,108469.04686475999,323.7430996982106,614859.5942385455,429.3717444717445,29157.497716011578,80622.57656190262,824.592502179599,75332.03890775029,226936.03159272115
36,148464.53210243236,223091.71332952744,265851.43914335116,1721843884.0,23426.06900390518,99849.64724686724,0.07121212121212121,75309.38829727797,29063.07621364263,118454.08846219629,80329.81745018052,108627.01194506067,13436.757579666255,81695.56623324273,0.6879028789881536,0.6879028789881604,62.977527005943095,2022788.0,53468.413190603795,38731.99609428118,194535.50387901964,86545.0,175352.38002158032,197.55583927841232,193.3875626352016,197.5518638800133,197.56215535837202,68791.78187620487,319434.3730420213,0.07130124777183601,64356.88835436847,2034160.0,2034160.0,2034160.0,0.44939042905640636,20153.07059703689,74833.69477023977,99392.28729443306,52971.34762524992,422.58561985636527,123511.05184485074,603.7264457470837,143523.0822680533,36873.49889224686,1199.4099115044246,172724.9066299225,161390.8151104645
37,121933.12073322468,91947.1632621586,292191.0631707354,1040245568.0,90301.92632977995,74045.30481706982,0.05409982174688057,41703.85611968515,20969.34641327669,72256.38522922814,49831.83192197993,11538.6646978288,74195.88233900174,121913.92981646136,0.7512256226940116,0.7512256226940066,71.19142519125488,1308042.0,27956.24168420217,78682.61913689524,160211.9683716878,76980.0,6022.056445216275,175.26326199238554,175.33276774827925,175.23509808683454,175.28317537415919,93216.79691986048,297913.86661082413,0.054901960784313725,191267.3713873818,1325954.0,1325954.0,1325954.0,0.6156080768844341,149075.15912758026,97124.48061287329,79925.6788566648,124864.40993544098,334.4298262329836,24598.519360850027,456.0437775693132,11675.979647013372,41814.494917535594,985.9933529990167,77196.18292559084,143744.78966154405
38,47404.16905856146,17700.83045570961,38657.394232869294,692141982.0,36995.46355743272,36451.32571545895,0.02714796139847063,22118.801414348793,17113.58577271286,162147.22871268098,15393.22003201493,153975.50879021082,93501.79005278678,154175.2155798128,0.7784091487316199,0.7784091487316106,36.67233972829027,959811.0,15222.717344357105,106065.74725850308,212341.39930953234,73889.0,80050.17977366433,97.46404608582321,97.36943034845308,97.45299194696992,97.47914144559982,175330.6543873514,200359.72024561634,0.0280161618859986,102850.58576912651,969227.9999999999,969227.9999999999,969228.0,0.6213099251048034,210012.2039736035,111618.13741151679,52334.346392224885,20270.76271359299,191.5309473392058,75487.5318828854,265.8154235697681,156436.30126824472,116790.20671129374,572.7306176961603,179992.60756703006,228927.1277954071
39,84371.05873321799,44252.513120980264,106479.32617286016,679694806.0,66305.91374503898,40511.041629074665,0.054242424242424245,25707.92139752724,18623.389004152814,87430.36696104621,48312.88150383607,67652.12941681112,23014.6109292102,54655.06898355128,0.7025165108049793,0.7025165108049779,33.21688311688312,960281.0,20308.003586230814,54652.91988530511,129253.5569385531,66013.0,61111.40749666508,111.78557416670492,111.73665905283995,111.78512124269945,111.79150921394533,82783.06500685308,23278.455927355168,0.06171717171717172,48771.16233036632,968712.0,968712.0,968712.0,0.5580925274844659,125720.45286413693,45001.26155182148,43765.39389402768,84766.58310616795,241.56442924958824,49121.422784730654,341.49064611809314,114140.9828662388,69933.65077136728,712.741079133039,83399.4771562895,28667.50339232673
40,285434.8068766551,80966.24400320461,177802.523458102,1503080729.0,170716.12853391888,81164.62369312547,0.03333333333333333,50450.87805510679,24120.65921570138,119319.41251702436,219378.96511725726,108133.59269831284,227548.5326916341,670314.7460763083,0.792190180979805,0.792190180979814,70.72106313806218,1553832.0,38078.72037116561,71019.26934155762,115320.65419369494,86834.0,59782.9178407894,178.18366274273177,177.96848287808132,178.15994789358763,178.20256670257464,129557.12890369934,187777.4857994632,0.03649789029535865,947034.6638866984,1565613.0,1565613.0,1565613.0,0.6348372598568891,404144.62643680937,492463.17533875525,149778.55755282033,145879.58092488535,347.68431583003814,379026.41163885087,481.9861078040386,136787.55066029375,83286.98002307577,969.0498245614035,189914.24670111353,188684.14558598056
41,212022.95267215226,78097.66778416412,200264.93262050638,931386647.0,87856.08767772798,46367.135729282716,0.03683544303797468,27003.233080941118,17967.621434124216,84691.01236764337,161582.17858113904,159078.3746634775,144482.4107673937,319473.5156808462,0.8129844366396952,0.8129844366396839,57.548258525814404,1252531.0,18823.11012909915,148305.30900208265,92569.08469152203,63635.0,246858.08434861538,142.1207213312009,141.95147732622695,142.10213522397038,142.13572754590106,135728.05175479045,218041.6474248322,0.03729957805907173,463205.75593561603,1273283.0,1273283.0,1273283.0,0.6786350236986672,99318.68358735266,180536.56624992806,117227.79660764105,187133.7615598254,266.8049434994308,161686.93032363936,360.4576074828225,128036.01052806753,131977.95121744435,720.7472973573174,179794.19709539547,74168.50158688518
42,192707.985342787,51698.22026932259,141157.66399339226,906089281.0,28215.34836368209,87816.68991809068,0.06005509641873278,50732.498113004534,21645.418545271885,239961.9114506219,68447.36042642882,65038.39050292821,69693.04989357146,118287.84209470221,0.7204022113284863,0.7204022113284879,43.06266198204862,989630.0,38945.0563774816,73823.57759905186,589464.8773006839,90014.0,83372.3430078561,149.87905639085267,148.76698959657298,149.85139731798367,149.9018715935864,66170.09592753381,91452.50874527132,0.06184573002754821,94370.46771614628,996419.0,996419.0,996419.0,0.5310707265101138,187705.13252830057,147726.51770262432,149087.81015132513,162247.34775164397,338.86561570959157,174133.68739125328,475.26191464794977,119953.13572808179,129490.29223680618,1060.3024761097772,109340.38370509596,240832.87978578793
43,131375.59345386835,139708.23139594356,13742.280472524088,995045175.0,171765.9574927042,54545.09935798244,0.03810835629017447,28131.3589546683,17370.433702127302,61752.88513283431,165497.05560627917,20814.50633401553,41530.354674998925,61544.163516389046,0.8352677845511645,0.835267784551166,73.31407719610613,1307931.0,19212.73459278241,239941.9481178123,82334.6936760612,63179.0,47820.536507265344,157.63654061005658,157.34607722937182,157.61402518657306,157.65444391787366,207032.17998209526,74869.3139755234,0.04256198347107438,186449.56792499407,1314651.0,1314651.0,1314651.0,0.7224621019183648,176100.45458865663,322803.34200449515,84311.57106134701,99972.50979774218,277.2926642644443,153750.75124208932,366.71275987375947,26954.32805227024,117031.20148998652,777.2035038733651,549650.2140410551,95046.85473025123
44,313406.94039021153,99197.50287924024,81299.39701918712,2427191764.0,281243.22350888635,128588.20531644503,0.03265822784810127,67933.48687578992,27694.468960426017,355430.6256264402,221907.4212096903,110960.3749234708,106452.20300617702,595795.2633500124,0.8269505324871681,0.8269505324871897,109.98494647197398,2209916.0,48921.576793053144,68773.589284426,382407.80789395707,99573.0,256500.54572971107,253.305747723646,253.00984214967798,253.27241289348973,253.33252027856895,72430.8151797394,189147.35044370312,0.03510548523206751,970212.2927737244,2238500.0,2238500.0,2238500.0,0.684644879914947,520902.1367050294,402088.9921014514,156105.87624088532,93188.45307408865,455.62888324046367,448285.5011771734,591.7066430337036,119362.51101140973,126891.53717882434,1160.4415811681101,141259.84042499255,188570.40138679647
45,64338.176285464135,50156.728087030526,146681.1049811111,802409862.0,102306.76834866784,57050.177653235,0.061229946524064174,35984.92243443285,19414.470659793948,86805.15343357158,42359.23765270264,91450.23334232168,117191.62159090614,45384.37597008753,0.734398117051868,0.7343981170518684,42.70672121450321,992892.0,23997.361205451605,49801.66230609529,141251.7465457718,57424.0,168696.13162746385,130.20336084545175,130.06939429695183,130.1847045172801,130.2166932195665,144165.4970874573,43778.89957982865,0.06140819964349376,104687.3243372031,1021118.0,1021118.0,1021118.0,0.5427314981483774,135513.69682467732,69535.60657945147,26001.107312386146,21744.92725544702,264.5615100302117,198168.42781574893,381.3758791624802,57013.92123770287,64190.1615299708,827.2007472959685,131838.05508924424,204137.51941524172
46,408723.8288936604,177497.9345171956,475797.9551577852,2832478801.0,166350.67096328593,130384.54123774904,0.03767932489451477,74009.8431076599,30021.227739717775,141387.20341835514,219754.56682244825,183434.59226955913,432543.03386274783,1050431.217262726,0.826604056374658,0.8266040563746623,126.15970050292938,2330041.0,54536.25322996003,258275.61801304252,234429.5143946082,109163.0,354138.60163009487,273.2273245954805,272.89204761270264,273.1898465459036,273.2571501104566,200457.4883938394,236210.7174547483,0.038438818565400844,1221924.7668334213,2355257.0,2355257.0,2355257.0,0.7134129044384818,472467.85330530873,168510.38903462733,152818.4973010456,135642.77969522693,484.82904067845175,492184.76673004264,625.655003229957,276363.45360912115,115824.44870730811,1127.689282700422,575552.4494647934,233995.95256768036
47,133101.97763926865,148093.17765031278,685948.4645466792,2365741377.0,136355.27252355157,157802.32502848486,0.056666666666666664,98845.03289412294,28281.03265441345,254865.44297346994,143387.30131554767,157384.98838935883,212418.4081079617,88229.49355028057,0.7940109703463771,0.7940109703463752,152.20054846075294,2357591.0,68251.09996495818,205113.13071749173,463900.1398147876,103082.0,1115533.0500807755,354.56813873303275,353.99403716409375,354.5002703415686,354.61948043421876,118769.40682595086,155433.01020163277,0.062196969696969695,172582.93756123068,2367835.0,2367835.0,2367835.0,0.6355328978422023,239685.62626004865,242134.48913296568,138554.02134495156,136332.78955011533,641.6761390887291,221585.01260407132,841.0040878122634,195812.94084273156,135483.62953610285,1534.8217552887363,125972.23102362343,203328.73621524978
48,125400.42578877982,64480.56835647437,147009.13612185584,328895308.0,53834.603650922465,25157.849797701543,0.059166666666666666,16040.00722751359,13826.97797785185,123483.89750408629,44558.08760116943,75251.44452698572,62557.884698621245,58225.376489254355,0.6809930253361026,0.6809930253360884,18.313131217514027,612326.0,12237.878774155795,115148.13612226778,39922.58626992846,50094.0,316181.24512963695,72.23457150069419,72.15042252715837,72.22296928405936,72.2431414401572,33793.9501623716,33100.17045030498,0.06166666666666667,43467.44447655693,621704.0,621704.0,621704.0,0.4632886421592221,83895.82160714637,49310.73481244086,80949.55461695848,83022.94303279326,167.16261545787293,58195.0836294234,244.01203289518958,51825.69094961384,19907.864836055065,584.8270154373927,27806.551560660773,30109.78727994356
49,71901.14107321753,29004.43448924614,38296.49046822312,260833016.0,72490.92472951964,21747.250749266415,0.05574494949494949,14261.654977312555,11491.849372490053,303988.0070777152,117257.06036624388,106481.5541729572,56086.74267539856,57985.97888855856,0.7207951187147822,0.7207951187147807,27.240528709308293,591666.0,10142.380392900286,28712.783335995475,62809.54371073704,36314.0,75088.48888073325,86.66086002020839,86.38808434021786,86.64428512251857,86.67364911503775,19911.610820531827,11156.692348717224,0.05587121212121212,84027.0471447051,600280.0,600280.0,600280.0,0.5294957893819827,60481.902291336504,82361.69137372235,51738.805779085524,52243.74228694564,178.68378025282806,42989.04969225075,248.72817528598284,106207.00185538152,51846.71224330025,557.5791321945121,72104.58190388736,89073.82824170587
50,70239.33988433766,53654.32448306911,95449.69679580256,391909864.0,38391.7167280011,32917.04841750165,0.08181818181818182,17739.12824342313,12655.02259974276,66140.14562116946,14814.920510334154,35502.516379150526,55585.9064848402,132001.6520257572,0.7727047645751058,0.7727047645751062,36.404070997710576,602935.0,11574.428484950464,55646.29264914277,122052.12179063394,57946.0,148875.15122891738,97.90280411382886,97.74231054261205,97.88437003740738,97.91655257758885,71581.93088303928,15068.631488895544,0.08313131313131313,127576.36435361808,619756.0,619756.0,619756.0,0.6005796677771368,177317.869968171,62184.204198572756,41173.95312623453,95804.56602980114,197.31249139553026,60207.14421358455,273.758970125065,52778.18360273914,42314.79885255171,598.8680777625501,78139.81987667296,210155.80463563194
51,227115.38422105054,88070.65082980406,124743.48987788601,1813540194.0,115333.05591235429,140191.20862744027,0.07151515151515152,87946.6253787522,25957.82658467384,275561.91018331476,88726.66409709248,86178.06447067072,132252.9143350717,128876.53346983556,0.7839262140043394,0.7839262140043386,72.00950647311072,1579089.0,52391.491528429164,145535.4280234557,67532.51289465954,99176.0,158625.49837752295,211.61382252611932,211.42080402010052,211.58979176222365,211.6353708379625,41245.94390565035,174072.5418380636,0.07858585858585859,171666.2814754178,1588332.0,1588332.0,1588332.0,0.5654253070630034,296537.8558665347,91951.8320082434,230778.70876127272,152832.05570881022,432.69994850065524,135433.76516800487,634.4865812514652,159328.96031376696,127486.60584516407,1342.3706918430537,24771.59720782318,298663.65249984723
52,120594.58464466826,32634.64866670334,242975.20724197666,1225261947.0,36707.949651643605,76710.87752826759,0.07222222222222222,41273.45492896677,19358.429068496236,111094.56140734341,103468.19770832977,116043.1632169762,96679.71374233054,76020.56604668612,0.8224915537342422,0.8224915537342398,66.913165476063,1286328.0,25601.066868176968,8525.886563677326,90908.93518098161,75033.0,73220.90183217298,161.18188181665212,161.0573686614893,161.1642326392074,161.19482660153705,41813.83074416449,90206.51428522471,0.07525252525252525,79578.62676248606,1297617.0,1297617.0,1297617.0,0.6446123400135233,213829.2993900914,97189.0510147501,85925.22656606439,41365.509989002414,297.6011401241083,15140.495077321166,419.9179728669133,150929.5439735842,40047.819015346104,850.4634790112177,167436.9395046194,201179.80576065264
53,69171.87727208919,112707.51406201134,47723.89557595285,805974995.0,74424.02621176284,51162.60748764995,0.05962566844919786,32652.827519551494,18105.532137995833,99696.7508626283,89425.39377785138,42751.84152967172,49265.88654760832,64600.39382997708,0.7550188429108143,0.755018842910799,66.7772586337633,1225957.0,23291.06856321634,79915.12668947209,130024.38787753535,61469.0,307079.50966611214,169.46607735947183,169.46813018682397,169.43903632204928,169.48822326866437,41044.424132852706,104976.3027933286,0.06292335115864528,71920.465567973,1238545.0,1238545.0,1238545.0,0.5932722291907397,272490.2704702845,32828.615289441186,69488.62693838005,54644.14944428537,325.9456740866017,90847.95418805296,449.6619254194028,41751.44649017782,30069.871500519952,885.0887708947886,180019.15825466817,67431.65805752449
54,127157.53976251328,66426.88643730708,192145.84669852382,587509339.0,43567.75055584525,46774.5729646884,0.06287878787878788,26889.227972151493,14651.267897352775,80451.91543360075,78095.74127956846,85153.17524051365,55747.57443871491,73710.1016686611,0.7898973413482079,0.7898973413482095,70.3993462646151,999223.0,18137.883350888667,62665.457061914836,90589.90545145799,56314.0,472111.20407036116,156.96962898580657,156.67201257861637,156.93983598284126,156.99423409154036,37361.884059432356,174823.50918251325,0.0675,93047.41068896843,1006439.0,1006439.0,1006439.0,0.6117482453733031,59296.08330696379,156427.81667976914,96301.83218634596,76238.89829212248,291.27909079435017,105554.22204960724,393.13842933498495,33720.63980392706,69030.11760808258,788.4449685534591,16552.71207246384,47658.64774952991
